OrderID,CustomerID,ProductName,Category,Quantity,UnitPrice,Discount_%,TotalAmount,OrderDate,Region,PaymentMethod,CustomerEmail
10049,CUST1495,Denim Jacket,Apparel,6.0,3152.96,0.0,18917.76,2025-05-16,Hyderabad,Net Banking,customer9702@example.com
11115,CUST1534,Cotton T-Shirt,Apparel,1.0,1561.06,0.0,1561.06,2025-04-26,Bengaluru,Credit Card,customer2725@example.com
11211,CUST1121,Sunscreen SPF50,Beauty,3.0,5687.4,0.0,17062.2,2025-06-04,Bengaluru,Net Banking,customer2955@example.com
10195,CUST1129,Cap,Apparel,1.0,5738.71,0.0,5738.71,2025-05-09,Bengaluru,Credit Card,customer8177@example.com
10369,CUST1649,Non-stick Pan,Home & Kitchen,6.0,1407.24,15.0,7176.92,2025-07-23,Hyderabad,Credit Card,customer4801@example.com
11222,CUST1799,Webcam,Electronics,2.0,1909.72,0.0,3819.44,2025-04-23,Hyderabad,UPI,customer5833@example.com
10767,CUST1595,Cotton T-Shirt,Apparel,3.0,2763.62,10.0,7461.77,2025-09-25,Delhi,UPI,customer1560@example.com
10814,CUST1598,USB-C Cable,Electronics,6.0,2914.22,0.0,18514.62,2025-02-03,Mumbai,UPI,customer4872@example.com
11177,CUST1597,Cap,Apparel,2.0,964.25,15.0,1639.22,2025-01-09,Delhi,Cash on Delivery,customer4667@example.com
10556,CUST1980,Body Lotion,Beauty,6.0,2702.04,15.0,13780.4,2025-08-30,Mumbai,Cash on Delivery,customer9669@example.com
11614,CUST1690,Storage Box,Home & Kitchen,2.0,3263.57,20.0,5221.71,2025-10-17,Bengaluru,Cash on Delivery,customer5516@example.com
11209,CUST1920,LED Lamp,Home & Kitchen,1.0,1674.25,0.0,1590.54,2025-04-02,Chennai,Credit Card,customer9045@example.com
11589,CUST1807,Bluetooth Speaker,Electronics,5.0,3247.94,0.0,16239.7,2025-07-29,Chennai,Net Banking,customer2576@example.com
10322,CUST1046,Yoga Mat,Sports,1.0,1737.92,15.0,1477.23,2026-01-14,Mumbai,Cash on Delivery,customer9501@example.com
10681,CUST1418,Skipping Rope,Sports,1.0,510.8,0.0,510.8,2026-01-06,Chennai,Debit Card,customer8111@example.com
11126,CUST1583,LED Lamp,Home & Kitchen,5.0,5129.0,5.0,24362.75,2025-06-18,Chennai,Cash on Delivery,customer2459@example.com
11166,CUST1078,Coffee Maker,Home & Kitchen,4.0,5983.78,0.0,23935.12,2025-07-10,Hyderabad,Debit Card,customer4322@example.com
10951,CUST1855,Webcam,Electronics,3.0,5107.03,15.0,13022.93,2025-09-17,Delhi,UPI,customer1330@example.com
11142,CUST1408,Wool Sweater,Apparel,3.0,4181.99,15.0,10664.07,2025-06-17,Bengaluru,Cash on Delivery,customer2125@example.com
10573,CUST1971,Hair Serum,Beauty,4.0,424.91,0.0,1699.64,2025-08-03,Mumbai,UPI,customer1572@example.com
10407,CUST1307,Hair Serum,Beauty,4.0,5490.65,0.0,21962.6,2025-09-26,Mumbai,Credit Card,customer2251@example.com
11245,CUST1287,Denim Jacket,Apparel,6.0,4211.23,10.0,22740.64,2025-12-26,Delhi,Net Banking,customer5145@example.com
10162,CUST1588,Cotton T-Shirt,Apparel,5.0,2530.41,0.0,12652.05,2025-09-02,Bengaluru,Debit Card,customer4173@example.com
11438,CUST1403,Yoga Mat,Sports,7.0,4616.77,15.0,27469.78,2025-03-04,Bengaluru,Debit Card,unknown@unknown.com
11341,CUST1528,Yoga Mat,Sports,2.0,3943.71,0.0,7887.42,2025-03-13,Delhi,Credit Card,customer2767@example.com
10259,CUST1048,Non-stick Pan,Home & Kitchen,5.0,2486.31,10.0,11188.4,2025-03-03,Hyderabad,Credit Card,customer8461@example.com
10420,CUST1428,Wireless Mouse,Electronics,6.0,1062.81,0.0,6376.86,2025-03-19,Mumbai,Cash on Delivery,unknown@unknown.com
11752,CUST1237,Body Lotion,Beauty,2.0,3037.07,0.0,6074.14,2025-11-15,Bengaluru,UPI,customer6549@example.com
10416,CUST1751,Cricket Bat,Sports,5.0,3572.71,0.0,17863.55,2025-02-28,Hyderabad,Net Banking,unknown@unknown.com
10821,CUST1387,Yoga Mat,Sports,5.0,355.77,0.0,1778.85,2025-12-12,Bengaluru,UPI,customer3464@example.com
10600,CUST1268,Running Shoes,Apparel,5.0,553.23,0.0,2766.15,2025-01-07,Delhi,Credit Card,customer6171@example.com
10896,CUST1454,Denim Jacket,Apparel,3.0,2424.78,5.0,6910.62,2025-06-05,Chennai,Debit Card,customer9419@example.com
10193,CUST1394,Dumbbell Set,Sports,4.0,5763.52,0.0,23054.08,2025-07-07,Hyderabad,Cash on Delivery,customer8961@example.com
10891,CUST1020,Laptop Stand,Electronics,6.0,1654.14,20.0,7939.87,2025-09-08,Chennai,Debit Card,customer4514@example.com
10577,CUST1246,Non-stick Pan,Home & Kitchen,2.0,3102.13,0.0,6204.26,2025-08-20,Chennai,UPI,customer6930@example.com
11247,CUST1497,Wireless Mouse,Electronics,4.0,2682.18,0.0,10728.72,2025-12-26,Mumbai,Net Banking,customer9792@example.com
10367,CUST1570,Wool Sweater,Apparel,3.0,235.58,5.0,671.4,2025-01-29,Mumbai,Cash on Delivery,customer1990@example.com
10969,CUST1850,Laptop Stand,Electronics,3.0,757.46,0.0,2272.38,2025-06-24,Chennai,Credit Card,customer9823@example.com
11087,CUST1832,Coffee Maker,Home & Kitchen,7.0,4966.58,5.0,33027.76,2025-11-12,Chennai,UPI,customer4057@example.com
11529,CUST1103,Denim Jacket,Apparel,3.0,3765.55,10.0,10166.99,2025-03-27,Delhi,UPI,customer6740@example.com
11630,CUST1888,Laptop Stand,Electronics,6.0,3298.14,0.0,19788.84,2025-07-16,Hyderabad,Net Banking,customer6182@example.com
10725,CUST1950,Body Lotion,Beauty,7.0,3987.61,0.0,27913.27,2025-06-03,Hyderabad,Net Banking,customer9340@example.com
10015,CUST1267,Non-stick Pan,Home & Kitchen,1.0,2277.23,0.0,2277.23,2025-02-21,Chennai,UPI,customer8280@example.com
10662,CUST1536,Skipping Rope,Sports,5.0,4325.18,15.0,18382.02,2025-05-28,Hyderabad,Debit Card,customer1453@example.com
10508,CUST1972,Wool Sweater,Apparel,1.0,2991.03,20.0,2392.82,2025-06-22,Chennai,Net Banking,customer4992@example.com
11267,CUST1507,Wool Sweater,Apparel,4.0,5929.76,15.0,20161.18,2025-01-13,Hyderabad,Net Banking,customer7158@example.com
11370,CUST1038,Wool Sweater,Apparel,2.0,1243.2,10.0,2237.76,2025-04-17,Chennai,UPI,customer2149@example.com
10383,CUST1944,Storage Box,Home & Kitchen,5.0,2501.04,0.0,12505.2,2025-10-20,Mumbai,Debit Card,customer9135@example.com
11391,CUST1771,Face Wash,Beauty,6.0,2933.97,0.0,16723.63,2025-12-22,Delhi,UPI,customer4680@example.com
11178,CUST1646,Storage Box,Home & Kitchen,4.0,4275.91,20.0,13682.91,2025-10-23,Delhi,Cash on Delivery,unknown@unknown.com
11294,CUST1958,Football,Sports,4.0,500.57,0.0,2002.28,2025-06-30,Delhi,Cash on Delivery,customer1617@example.com
11721,CUST1168,Storage Box,Home & Kitchen,1.0,4347.22,0.0,4347.22,2025-12-04,Hyderabad,Credit Card,customer5809@example.com
10121,CUST1583,Cushion Cover,Home & Kitchen,4.0,1127.15,5.0,4283.17,2025-02-28,Mumbai,Cash on Delivery,customer4564@example.com
10103,CUST1277,Wireless Mouse,Electronics,7.0,3855.85,0.0,26990.95,2025-03-09,Mumbai,Debit Card,customer9633@example.com
10112,CUST1011,Webcam,Electronics,7.0,5708.89,0.0,39962.23,2025-10-30,Bengaluru,Credit Card,customer2750@example.com
10624,CUST1425,Cotton T-Shirt,Apparel,1.0,5172.81,20.0,4138.25,2025-11-26,Bengaluru,UPI,customer9828@example.com
10048,CUST1229,Wool Sweater,Apparel,4.0,4604.84,0.0,18419.36,2025-09-10,Bengaluru,Credit Card,customer7938@example.com
10614,CUST1045,Running Shoes,Apparel,7.0,1454.61,20.0,8145.82,2025-04-12,Delhi,UPI,customer5433@example.com
10429,CUST1105,Webcam,Electronics,3.0,3502.3,20.0,8405.52,2025-11-19,Mumbai,Net Banking,customer6054@example.com
10326,CUST1140,Yoga Mat,Sports,1.0,330.52,10.0,297.47,2025-03-14,Bengaluru,Net Banking,customer3292@example.com
11587,CUST1807,USB-C Cable,Electronics,1.0,3923.73,0.0,3923.73,2025-08-02,Bengaluru,Net Banking,customer4672@example.com
10800,CUST1629,Cap,Apparel,3.0,4746.16,15.0,12102.71,2026-01-20,Hyderabad,Cash on Delivery,customer8002@example.com
10599,CUST1782,Denim Jacket,Apparel,6.0,4476.55,0.0,26859.3,2025-02-13,Hyderabad,UPI,customer7658@example.com
10751,CUST1945,Non-stick Pan,Home & Kitchen,5.0,2643.96,10.0,11897.82,2025-11-11,Bengaluru,UPI,customer4091@example.com
11105,CUST1082,LED Lamp,Home & Kitchen,1.0,5214.35,15.0,4432.2,2025-12-03,Delhi,Credit Card,customer8189@example.com
10513,CUST1559,Body Lotion,Beauty,1.0,1951.06,0.0,1951.06,2026-01-24,Bengaluru,UPI,customer9307@example.com
11746,CUST1410,Cricket Bat,Sports,7.0,2181.97,10.0,13746.41,2025-10-30,Delhi,Cash on Delivery,customer7668@example.com
11441,CUST1127,Football,Sports,2.0,1185.86,15.0,2015.96,2025-06-19,Bengaluru,Cash on Delivery,customer7654@example.com
11549,CUST1624,Non-stick Pan,Home & Kitchen,5.0,2126.45,15.0,9037.41,2025-01-20,Delhi,Credit Card,customer9100@example.com
11500,CUST1805,Cotton T-Shirt,Apparel,1.0,5673.42,0.0,5673.42,2025-01-23,Chennai,Net Banking,customer1854@example.com
10985,CUST1359,Football,Sports,2.0,1014.32,0.0,2028.64,2025-07-11,Bengaluru,Credit Card,unknown@unknown.com
10641,CUST1797,Coffee Maker,Home & Kitchen,2.0,4723.11,0.0,9446.22,2025-10-09,Chennai,UPI,customer5675@example.com
10191,CUST1597,Cricket Bat,Sports,6.0,2572.66,20.0,12348.77,2025-08-17,Delhi,Debit Card,customer8898@example.com
11190,CUST1830,Denim Jacket,Apparel,5.0,201.57,0.0,1007.85,2025-06-06,Bengaluru,UPI,customer4712@example.com
10937,CUST1703,LED Lamp,Home & Kitchen,4.0,281.91,5.0,1071.26,2025-10-28,Bengaluru,Debit Card,customer6397@example.com
11253,CUST1771,Webcam,Electronics,1.0,5196.64,0.0,5196.64,2025-11-01,Hyderabad,Net Banking,customer1443@example.com
11380,CUST1950,LED Lamp,Home & Kitchen,7.0,1242.83,0.0,8699.81,2025-01-16,Chennai,Cash on Delivery,customer3482@example.com
10404,CUST1138,Storage Box,Home & Kitchen,2.0,3723.01,15.0,6329.12,2026-01-06,Bengaluru,Credit Card,customer9924@example.com
11726,CUST1515,USB-C Cable,Electronics,1.0,1328.45,10.0,1195.6,2025-09-04,Mumbai,Cash on Delivery,customer7336@example.com
10994,CUST1459,Webcam,Electronics,5.0,5601.87,0.0,28009.35,2025-03-20,Chennai,Debit Card,customer4653@example.com
11639,CUST1281,Cotton T-Shirt,Apparel,7.0,4615.53,0.0,32308.71,2025-01-21,Delhi,Cash on Delivery,customer4603@example.com
10109,CUST1490,Bluetooth Speaker,Electronics,3.0,3308.08,0.0,9924.24,2025-01-09,Chennai,Cash on Delivery,customer7122@example.com
10435,CUST1857,LED Lamp,Home & Kitchen,3.0,206.67,10.0,558.01,2025-06-07,Bengaluru,Net Banking,customer5586@example.com
10088,CUST1615,Sunscreen SPF50,Beauty,2.0,963.83,0.0,1927.66,2025-04-21,Hyderabad,Net Banking,customer5451@example.com
10305,CUST1751,Cushion Cover,Home & Kitchen,4.0,5401.4,0.0,21605.6,2025-07-28,Chennai,UPI,customer5958@example.com
11268,CUST1221,Cricket Bat,Sports,4.0,2505.98,0.0,10023.92,2026-01-29,Chennai,Debit Card,customer4892@example.com
10547,CUST1747,Sunscreen SPF50,Beauty,6.0,3283.46,15.0,16745.65,2025-04-08,Chennai,Net Banking,customer2601@example.com
10401,CUST1980,Dumbbell Set,Sports,2.0,4292.51,10.0,7726.52,2025-06-20,Hyderabad,Credit Card,customer7771@example.com
11082,CUST1320,Hair Serum,Beauty,5.0,5614.11,20.0,22456.44,2025-06-13,Bengaluru,Debit Card,customer9408@example.com
11562,CUST1754,Denim Jacket,Apparel,4.0,4245.93,10.0,15285.35,2025-11-06,Delhi,Debit Card,customer5530@example.com
10841,CUST1488,LED Lamp,Home & Kitchen,2.0,3153.59,5.0,5991.82,2026-01-28,Bengaluru,UPI,unknown@unknown.com
11081,CUST1339,Face Wash,Beauty,1.0,3935.6,0.0,3935.6,2025-05-17,Chennai,Cash on Delivery,customer2565@example.com
11628,CUST1198,Dumbbell Set,Sports,6.0,5177.62,0.0,31065.72,2025-11-15,Chennai,Credit Card,customer4611@example.com
10057,CUST1823,Cushion Cover,Home & Kitchen,5.0,2587.34,20.0,10349.36,2025-10-01,Mumbai,Cash on Delivery,customer6124@example.com
11429,CUST1184,Cushion Cover,Home & Kitchen,5.0,1143.81,15.0,4861.19,2025-08-08,Chennai,Credit Card,customer8269@example.com
11116,CUST1592,Hair Serum,Beauty,2.0,4099.86,0.0,8199.72,2025-02-15,Bengaluru,Credit Card,customer5173@example.com
10286,CUST1576,Football,Sports,4.0,633.89,0.0,2535.56,2025-05-01,Bengaluru,UPI,customer6793@example.com
11758,CUST1440,Wireless Mouse,Electronics,1.0,333.69,10.0,300.32,2025-06-12,Hyderabad,Net Banking,customer9207@example.com
10138,CUST1604,Sunscreen SPF50,Beauty,4.0,2918.28,15.0,9922.15,2025-05-25,Chennai,UPI,customer4633@example.com
10528,CUST1932,Running Shoes,Apparel,4.0,1262.25,10.0,4544.1,2025-07-17,Mumbai,UPI,customer9683@example.com
10182,CUST1406,Non-stick Pan,Home & Kitchen,3.0,3131.89,5.0,8925.89,2025-07-09,Bengaluru,UPI,customer9597@example.com
11009,CUST1873,Cap,Apparel,4.0,3761.52,0.0,15046.08,2025-07-09,Delhi,Cash on Delivery,customer9167@example.com
10448,CUST1807,Hair Serum,Beauty,2.0,257.56,5.0,489.36,2025-10-25,Bengaluru,Debit Card,customer3350@example.com
11261,CUST1897,Cushion Cover,Home & Kitchen,3.0,1652.36,5.0,4709.23,2025-09-19,Mumbai,Credit Card,customer8868@example.com
11471,CUST1953,Dumbbell Set,Sports,3.0,1790.69,0.0,5372.07,2025-06-08,Bengaluru,UPI,customer9290@example.com
11788,CUST1852,Bluetooth Speaker,Electronics,3.0,1691.6,5.0,4821.06,2025-02-10,Hyderabad,UPI,customer3655@example.com
11283,CUST1527,Dumbbell Set,Sports,4.0,2990.56,5.0,11364.13,2026-02-04,Mumbai,UPI,customer3757@example.com
11658,CUST1901,Cushion Cover,Home & Kitchen,1.0,988.36,20.0,790.69,2026-01-10,Bengaluru,Net Banking,customer6652@example.com
10342,CUST1643,Lip Balm,Beauty,4.0,5500.11,20.0,17600.35,2025-09-28,Hyderabad,UPI,unknown@unknown.com
10762,CUST1498,LED Lamp,Home & Kitchen,1.0,456.23,5.0,433.42,2025-05-22,Chennai,Cash on Delivery,customer8844@example.com
11502,CUST1286,Wireless Mouse,Electronics,1.0,1313.86,20.0,1051.09,2025-08-25,Bengaluru,UPI,customer7586@example.com
11663,CUST1031,Running Shoes,Apparel,5.0,2490.85,20.0,9963.4,2025-12-13,Mumbai,UPI,customer2998@example.com
10928,CUST1688,Coffee Maker,Home & Kitchen,3.0,1148.46,20.0,2756.3,2025-05-20,Hyderabad,Net Banking,customer6311@example.com
10878,CUST1254,Lip Balm,Beauty,6.0,3677.63,0.0,22065.78,2025-12-24,Mumbai,Net Banking,customer3886@example.com
11733,CUST1521,Body Lotion,Beauty,2.0,4583.2,0.0,9166.4,2025-10-26,Bengaluru,Credit Card,customer6502@example.com
10224,CUST1592,Football,Sports,6.0,669.72,20.0,3214.66,2025-10-16,Mumbai,Debit Card,customer7171@example.com
10511,CUST1034,Non-stick Pan,Home & Kitchen,7.0,4274.49,15.0,25433.22,2025-07-15,Hyderabad,Cash on Delivery,customer1615@example.com
11700,CUST1907,Running Shoes,Apparel,5.0,1412.82,20.0,5651.28,2025-04-26,Bengaluru,Net Banking,customer5823@example.com
11110,CUST1644,Cricket Bat,Sports,1.0,3910.06,10.0,3519.05,2025-06-28,Chennai,Net Banking,customer6025@example.com
11174,CUST1853,Non-stick Pan,Home & Kitchen,1.0,5381.67,0.0,5381.67,2025-01-28,Mumbai,Net Banking,customer9850@example.com
10362,CUST1056,Cotton T-Shirt,Apparel,3.0,2983.41,10.0,8055.21,2025-01-30,Hyderabad,Debit Card,customer4719@example.com
10672,CUST1287,Lip Balm,Beauty,3.0,4083.32,5.0,11637.46,2025-09-30,Bengaluru,Net Banking,customer2672@example.com
11579,CUST1445,Laptop Stand,Electronics,2.0,2461.62,15.0,4184.75,2025-09-24,Bengaluru,Net Banking,customer2881@example.com
11756,CUST1355,Skipping Rope,Sports,5.0,4705.12,10.0,21173.04,2025-06-28,Chennai,Cash on Delivery,customer1364@example.com
11230,CUST1127,Denim Jacket,Apparel,4.0,861.07,0.0,3444.28,2025-01-30,Mumbai,Credit Card,customer9737@example.com
11216,CUST1150,Cap,Apparel,2.0,1281.83,10.0,2307.29,2025-02-16,Chennai,Net Banking,customer5467@example.com
10613,CUST1063,Skipping Rope,Sports,4.0,2144.63,15.0,7291.74,2025-01-03,Mumbai,Credit Card,customer2893@example.com
11555,CUST1239,Body Lotion,Beauty,2.0,2694.43,15.0,4580.53,2026-02-01,Bengaluru,Debit Card,customer6462@example.com
11147,CUST1696,Denim Jacket,Apparel,1.0,3106.19,15.0,2640.26,2025-02-13,Delhi,Debit Card,customer1842@example.com
11637,CUST1455,LED Lamp,Home & Kitchen,2.0,4330.07,10.0,7794.13,2025-02-10,Delhi,Cash on Delivery,customer9848@example.com
10609,CUST1478,Cap,Apparel,5.0,3887.93,10.0,17495.68,2025-08-31,Mumbai,Cash on Delivery,customer3735@example.com
11239,CUST1602,Cap,Apparel,7.0,210.63,20.0,1179.53,2025-09-23,Delhi,Cash on Delivery,customer7074@example.com
10572,CUST1772,Cricket Bat,Sports,7.0,339.84,15.0,2022.05,2026-02-03,Mumbai,UPI,customer3569@example.com
10881,CUST1462,Yoga Mat,Sports,1.0,2553.23,0.0,2553.23,2025-03-18,Bengaluru,Cash on Delivery,customer1994@example.com
10436,CUST1473,Wool Sweater,Apparel,7.0,2476.45,15.0,14734.88,2025-05-10,Chennai,Net Banking,customer3059@example.com
11374,CUST1296,Sunscreen SPF50,Beauty,1.0,5492.49,20.0,4393.99,2025-01-16,Chennai,Net Banking,customer3487@example.com
10521,CUST1317,Laptop Stand,Electronics,4.0,797.03,5.0,3028.71,2025-03-11,Mumbai,Debit Card,customer5567@example.com
10187,CUST1671,Body Lotion,Beauty,4.0,2721.14,20.0,8707.65,2026-01-25,Chennai,Debit Card,customer6179@example.com
10076,CUST1409,Running Shoes,Apparel,4.0,1787.88,10.0,6436.37,2025-11-22,Mumbai,Credit Card,customer5208@example.com
11410,CUST1272,Hair Serum,Beauty,7.0,1959.36,0.0,13715.52,2025-03-12,Bengaluru,UPI,customer9689@example.com
11400,CUST1031,Cricket Bat,Sports,1.0,1626.82,0.0,1545.48,2025-05-10,Hyderabad,Net Banking,customer9491@example.com
10917,CUST1457,Body Lotion,Beauty,4.0,4082.83,20.0,13065.06,2025-03-26,Mumbai,Net Banking,customer8767@example.com
11033,CUST1805,Sunscreen SPF50,Beauty,7.0,1253.43,0.0,8774.01,2025-01-25,Bengaluru,Net Banking,customer9625@example.com
11696,CUST1359,USB-C Cable,Electronics,5.0,5000.42,5.0,23752.0,2025-05-30,Delhi,Credit Card,customer1695@example.com
10635,CUST1122,Denim Jacket,Apparel,3.0,4821.55,0.0,14464.65,2025-07-30,Delhi,Net Banking,unknown@unknown.com
11728,CUST1612,Lip Balm,Beauty,1.0,1306.94,0.0,1306.94,2025-01-09,Bengaluru,Credit Card,customer9301@example.com
10386,CUST1063,Football,Sports,7.0,542.05,5.0,3604.63,2025-09-30,Chennai,UPI,customer5589@example.com
10932,CUST1936,Storage Box,Home & Kitchen,4.0,430.55,0.0,1722.2,2025-07-27,Mumbai,Cash on Delivery,customer1607@example.com
11214,CUST1603,Cushion Cover,Home & Kitchen,3.0,5360.86,0.0,16082.58,2025-09-11,Delhi,UPI,customer9526@example.com
11553,CUST1601,Wool Sweater,Apparel,7.0,4833.65,0.0,33835.55,2025-08-10,Bengaluru,Cash on Delivery,customer8756@example.com
11684,CUST1557,Denim Jacket,Apparel,3.0,5533.76,0.0,16601.28,2025-05-07,Hyderabad,Cash on Delivery,unknown@unknown.com
11416,CUST1725,Cotton T-Shirt,Apparel,7.0,5149.1,5.0,34241.52,2025-07-05,Chennai,Net Banking,customer1958@example.com
10419,CUST1208,Yoga Mat,Sports,4.0,956.63,15.0,1626.27,2025-01-12,Bengaluru,Cash on Delivery,customer7845@example.com
11364,CUST1137,Bluetooth Speaker,Electronics,4.0,3292.16,0.0,13168.64,2025-10-15,Mumbai,Debit Card,customer8389@example.com
10860,CUST1858,LED Lamp,Home & Kitchen,4.0,1433.02,0.0,5732.08,2025-01-03,Hyderabad,Net Banking,customer9261@example.com
11049,CUST1894,Cushion Cover,Home & Kitchen,5.0,3335.51,20.0,13342.04,2025-03-23,Chennai,UPI,customer9713@example.com
11699,CUST1054,Bluetooth Speaker,Electronics,6.0,3401.85,0.0,20411.1,2025-09-16,Hyderabad,Debit Card,customer6169@example.com
11228,CUST1244,Lip Balm,Beauty,5.0,3860.23,0.0,19301.15,2026-01-17,Hyderabad,Net Banking,customer7841@example.com
11244,CUST1764,Dumbbell Set,Sports,7.0,4036.47,20.0,22604.23,2025-02-14,Chennai,Net Banking,customer5029@example.com
10311,CUST1652,Running Shoes,Apparel,5.0,1587.97,0.0,7939.85,2025-12-30,Hyderabad,Credit Card,customer8927@example.com
10038,CUST1658,Cap,Apparel,7.0,3018.41,0.0,2905.21,2025-09-07,Chennai,Cash on Delivery,customer5611@example.com
10983,CUST1567,Sunscreen SPF50,Beauty,4.0,2658.71,5.0,10103.1,2025-04-05,Chennai,Net Banking,customer5798@example.com
11497,CUST1461,Football,Sports,4.0,3771.92,0.0,15087.68,2025-12-07,Hyderabad,Net Banking,customer6830@example.com
11399,CUST1546,Dumbbell Set,Sports,6.0,452.22,0.0,2713.32,2025-01-12,Bengaluru,Cash on Delivery,customer2785@example.com
10787,CUST1831,Wireless Mouse,Electronics,4.0,4679.37,0.0,14038.11,2025-04-10,Hyderabad,Credit Card,customer2186@example.com
11172,CUST1471,Cotton T-Shirt,Apparel,7.0,2242.2,0.0,15695.4,2025-09-21,Delhi,Debit Card,customer7655@example.com
10702,CUST1438,Coffee Maker,Home & Kitchen,1.0,3312.23,0.0,3312.23,2025-11-29,Mumbai,Net Banking,customer7273@example.com
10903,CUST1694,Wireless Mouse,Electronics,6.0,5635.79,20.0,27051.79,2025-02-23,Bengaluru,Cash on Delivery,customer1442@example.com
10802,CUST1409,Body Lotion,Beauty,1.0,5956.7,15.0,5063.2,2025-01-25,Bengaluru,Credit Card,customer2832@example.com
11280,CUST1240,Webcam,Electronics,3.0,4589.64,0.0,13768.92,2025-10-25,Chennai,Credit Card,customer1106@example.com
10276,CUST1725,Skipping Rope,Sports,2.0,5569.34,15.0,9467.88,2025-12-15,Hyderabad,Debit Card,unknown@unknown.com
10953,CUST1820,Non-stick Pan,Home & Kitchen,1.0,1055.67,20.0,844.54,2025-03-28,Bengaluru,Debit Card,customer9125@example.com
10443,CUST1162,Bluetooth Speaker,Electronics,6.0,5867.09,20.0,28162.03,2026-01-19,Chennai,UPI,customer1287@example.com
10899,CUST1179,Coffee Maker,Home & Kitchen,6.0,3467.7,10.0,18725.58,2025-07-16,Bengaluru,UPI,customer1264@example.com
10009,CUST1040,USB-C Cable,Electronics,5.0,4661.93,0.0,23309.65,2025-08-19,Delhi,Net Banking,customer4104@example.com
11048,CUST1164,Skipping Rope,Sports,6.0,4455.7,5.0,25397.49,2025-07-28,Delhi,Debit Card,customer1613@example.com
11427,CUST1910,LED Lamp,Home & Kitchen,3.0,2348.91,15.0,5989.72,2025-05-14,Mumbai,Cash on Delivery,customer7196@example.com
10559,CUST1971,USB-C Cable,Electronics,1.0,588.14,5.0,558.73,2025-12-18,Mumbai,Credit Card,customer8347@example.com
11293,CUST1604,Running Shoes,Apparel,1.0,1722.06,20.0,1377.65,2025-04-27,Bengaluru,Debit Card,customer8673@example.com
10995,CUST1160,Wireless Mouse,Electronics,3.0,3532.64,10.0,9538.13,2025-08-03,Bengaluru,Credit Card,customer5364@example.com
10895,CUST1636,Dumbbell Set,Sports,3.0,2023.09,5.0,5765.81,2025-03-15,Delhi,Credit Card,customer4818@example.com
10232,CUST1757,Football,Sports,6.0,1982.0,15.0,10108.2,2026-01-01,Mumbai,Net Banking,customer8183@example.com
11382,CUST1798,Cricket Bat,Sports,7.0,2513.52,10.0,15835.18,2025-06-21,Delhi,Credit Card,customer3755@example.com
10676,CUST1958,Sunscreen SPF50,Beauty,4.0,1332.17,0.0,5328.68,2025-08-23,Mumbai,Net Banking,customer6085@example.com
11679,CUST1378,Yoga Mat,Sports,3.0,5370.31,0.0,16110.93,2025-09-19,Hyderabad,Cash on Delivery,customer4571@example.com
10704,CUST1239,Non-stick Pan,Home & Kitchen,5.0,4350.9,20.0,17403.6,2025-08-17,Mumbai,Cash on Delivery,customer1667@example.com
10061,CUST1071,Football,Sports,2.0,4079.45,5.0,7750.95,2025-05-04,Bengaluru,Debit Card,unknown@unknown.com
10871,CUST1501,Yoga Mat,Sports,3.0,3021.3,5.0,5016.37,2025-06-22,Bengaluru,Credit Card,customer2995@example.com
10536,CUST1818,Face Wash,Beauty,7.0,1300.63,20.0,7283.53,2025-06-19,Bengaluru,UPI,unknown@unknown.com
10709,CUST1248,Wool Sweater,Apparel,2.0,953.22,15.0,1620.47,2025-01-07,Delhi,Credit Card,unknown@unknown.com
11481,CUST1292,Dumbbell Set,Sports,1.0,367.48,10.0,330.73,2025-09-19,Chennai,UPI,customer1324@example.com
10765,CUST1076,Football,Sports,3.0,903.21,0.0,2709.63,2025-03-18,Mumbai,Debit Card,customer4849@example.com
10366,CUST1200,Sunscreen SPF50,Beauty,1.0,756.52,5.0,718.69,2025-05-16,Hyderabad,Cash on Delivery,customer3854@example.com
11659,CUST1578,LED Lamp,Home & Kitchen,4.0,1158.32,0.0,4633.28,2026-02-04,Chennai,Credit Card,customer9633@example.com
10293,CUST1355,Hair Serum,Beauty,6.0,2461.52,15.0,12553.75,2025-03-06,Chennai,UPI,customer2548@example.com
11708,CUST1118,Webcam,Electronics,4.0,2242.41,5.0,8521.16,2025-03-03,Bengaluru,Cash on Delivery,customer2772@example.com
10554,CUST1329,Laptop Stand,Electronics,2.0,4406.64,5.0,8372.62,2025-03-22,Mumbai,Cash on Delivery,customer4518@example.com
10859,CUST1210,Face Wash,Beauty,7.0,226.11,15.0,1345.35,2025-05-31,Chennai,Cash on Delivery,customer1768@example.com
11409,CUST1732,Cap,Apparel,5.0,2053.53,5.0,9754.27,2025-06-14,Mumbai,Net Banking,unknown@unknown.com
11131,CUST1992,Cap,Apparel,2.0,5907.37,0.0,11814.74,2025-03-26,Delhi,Debit Card,customer3433@example.com
10127,CUST1288,Skipping Rope,Sports,2.0,4974.38,0.0,9948.76,2025-08-25,Delhi,Net Banking,customer2704@example.com
11153,CUST1265,Bluetooth Speaker,Electronics,5.0,5722.07,20.0,22888.28,2025-11-12,Chennai,Cash on Delivery,customer5917@example.com
10921,CUST1071,Wool Sweater,Apparel,1.0,766.57,15.0,651.58,2025-07-10,Delhi,Cash on Delivery,customer5759@example.com
11129,CUST1122,Laptop Stand,Electronics,5.0,3148.66,0.0,15743.3,2025-06-24,Chennai,Cash on Delivery,customer5860@example.com
10805,CUST1056,Wireless Mouse,Electronics,2.0,571.09,0.0,1142.18,2025-02-12,Chennai,Debit Card,customer1045@example.com
10099,CUST1822,Storage Box,Home & Kitchen,5.0,4058.3,15.0,17247.77,2025-11-08,Chennai,Debit Card,customer9966@example.com
11570,CUST1338,Yoga Mat,Sports,6.0,1993.17,20.0,9567.22,2025-05-17,Delhi,Debit Card,customer9378@example.com
11624,CUST1806,Cap,Apparel,5.0,883.47,0.0,4417.35,2025-07-04,Mumbai,Debit Card,customer4941@example.com
10926,CUST1936,Laptop Stand,Electronics,2.0,3175.16,5.0,6032.8,2025-06-15,Hyderabad,UPI,customer6696@example.com
11379,CUST1408,Storage Box,Home & Kitchen,7.0,699.69,5.0,4652.94,2025-11-02,Mumbai,Net Banking,customer4051@example.com
10578,CUST1538,Cotton T-Shirt,Apparel,1.0,2254.36,20.0,1803.49,2026-02-03,Chennai,Net Banking,unknown@unknown.com
10914,CUST1446,Cricket Bat,Sports,7.0,5423.81,5.0,36068.34,2025-07-30,Mumbai,Net Banking,customer4428@example.com
10159,CUST1374,Hair Serum,Beauty,2.0,989.72,0.0,1979.44,2026-01-15,Hyderabad,Credit Card,customer7812@example.com
10905,CUST1092,Cushion Cover,Home & Kitchen,1.0,5229.54,0.0,5229.54,2025-03-24,Bengaluru,Credit Card,unknown@unknown.com
11772,CUST1553,Wool Sweater,Apparel,1.0,2271.31,0.0,2271.31,2025-01-26,Chennai,Credit Card,customer2153@example.com
10481,CUST1854,Wool Sweater,Apparel,3.0,192.9,10.0,520.83,2025-05-16,Chennai,Credit Card,customer4899@example.com
11783,CUST1555,Dumbbell Set,Sports,4.0,3320.95,20.0,10627.04,2025-12-18,Bengaluru,UPI,customer3826@example.com
11773,CUST1715,Coffee Maker,Home & Kitchen,4.0,519.53,20.0,1662.5,2025-05-27,Chennai,UPI,customer9804@example.com
11356,CUST1747,Coffee Maker,Home & Kitchen,6.0,1401.45,0.0,7988.26,2025-06-16,Delhi,Credit Card,customer7301@example.com
10376,CUST1414,LED Lamp,Home & Kitchen,3.0,3977.9,15.0,10143.64,2025-06-15,Chennai,Credit Card,customer1991@example.com
10699,CUST1176,Wireless Mouse,Electronics,2.0,4143.21,0.0,8286.42,2025-06-26,Delhi,Net Banking,customer4622@example.com
11021,CUST1827,Body Lotion,Beauty,1.0,1316.38,0.0,1316.38,2025-08-20,Hyderabad,Net Banking,customer7574@example.com
10701,CUST1439,Storage Box,Home & Kitchen,6.0,577.55,10.0,3118.77,2025-11-27,Chennai,UPI,customer9587@example.com
11477,CUST1873,Cap,Apparel,2.0,4619.73,0.0,9239.46,2025-05-03,Delhi,Net Banking,customer4088@example.com
11665,CUST1284,Coffee Maker,Home & Kitchen,6.0,5434.54,0.0,32607.24,2025-03-27,Bengaluru,Cash on Delivery,customer5980@example.com
11652,CUST1218,Storage Box,Home & Kitchen,1.0,1308.77,15.0,1112.45,2025-09-02,Delhi,Net Banking,customer5661@example.com
10178,CUST1441,USB-C Cable,Electronics,4.0,2761.16,15.0,9387.94,2025-10-27,Mumbai,Cash on Delivery,customer4374@example.com
11266,CUST1962,Skipping Rope,Sports,3.0,1392.37,0.0,4177.11,2025-04-26,Mumbai,Net Banking,customer4788@example.com
10387,CUST1275,Coffee Maker,Home & Kitchen,2.0,2584.88,0.0,5169.76,2025-08-09,Mumbai,Debit Card,customer7628@example.com
10242,CUST1326,LED Lamp,Home & Kitchen,4.0,4240.99,5.0,16115.76,2025-06-22,Mumbai,UPI,customer2531@example.com
10203,CUST1916,Body Lotion,Beauty,6.0,1305.2,0.0,7831.2,2026-11-01,Chennai,Credit Card,customer5875@example.com
10083,CUST1645,Wireless Mouse,Electronics,3.0,3329.78,20.0,7991.47,2025-07-17,Mumbai,Debit Card,customer6567@example.com
11610,CUST1440,Yoga Mat,Sports,3.0,1241.49,0.0,3724.47,2025-12-06,Hyderabad,Credit Card,customer4642@example.com
10993,CUST1508,Cap,Apparel,5.0,2833.15,0.0,14165.75,2025-03-05,Bengaluru,Net Banking,customer7764@example.com
10623,CUST1646,Storage Box,Home & Kitchen,5.0,4336.38,10.0,19513.71,2025-02-11,Chennai,UPI,customer2081@example.com
11375,CUST1188,Wool Sweater,Apparel,6.0,4777.77,15.0,24366.63,2025-04-18,Mumbai,Net Banking,customer1675@example.com
10886,CUST1415,Denim Jacket,Apparel,2.0,5380.43,20.0,8608.69,2025-11-05,Mumbai,Credit Card,customer5403@example.com
10858,CUST1941,Dumbbell Set,Sports,3.0,300.59,10.0,811.59,2025-03-12,Delhi,Debit Card,customer1577@example.com
10390,CUST1485,Running Shoes,Apparel,6.0,3760.73,10.0,20307.94,2025-07-11,Chennai,UPI,customer7059@example.com
10352,CUST1313,Webcam,Electronics,2.0,2061.44,0.0,4122.88,2025-12-28,Hyderabad,Cash on Delivery,customer1136@example.com
10310,CUST1170,Wool Sweater,Apparel,4.0,2355.37,0.0,9421.48,2025-09-12,Hyderabad,Net Banking,customer5967@example.com
11599,CUST1483,Running Shoes,Apparel,5.0,4336.69,0.0,21683.45,2025-06-07,Delhi,Credit Card,customer7622@example.com
10298,CUST1227,Wool Sweater,Apparel,3.0,2324.67,0.0,6276.61,2025-05-15,Bengaluru,Credit Card,customer9835@example.com
11401,CUST1227,Storage Box,Home & Kitchen,1.0,3162.44,0.0,3162.44,2025-02-03,Mumbai,Cash on Delivery,customer1723@example.com
11749,CUST1815,Non-stick Pan,Home & Kitchen,4.0,2444.73,15.0,8312.08,2025-02-09,Mumbai,Net Banking,customer4185@example.com
10571,CUST1041,Cap,Apparel,2.0,3005.49,15.0,5109.33,2025-03-16,Mumbai,Credit Card,customer2223@example.com
10913,CUST1785,LED Lamp,Home & Kitchen,4.0,4776.47,5.0,18150.59,2025-08-10,Chennai,Credit Card,customer2151@example.com
10954,CUST1384,Sunscreen SPF50,Beauty,6.0,3142.16,10.0,16967.66,2025-09-10,Delhi,Credit Card,customer3611@example.com
11405,CUST1628,Football,Sports,1.0,5456.64,0.0,4365.31,2026-01-22,Chennai,Credit Card,customer9123@example.com
11604,CUST1134,Bluetooth Speaker,Electronics,5.0,1550.87,15.0,6591.2,2025-10-30,Bengaluru,Cash on Delivery,customer7627@example.com
11784,CUST1276,Cap,Apparel,2.0,2597.84,0.0,4676.11,2025-04-10,Delhi,Cash on Delivery,customer4291@example.com
11257,CUST1510,Webcam,Electronics,6.0,3649.13,20.0,17515.82,2025-10-14,Chennai,Net Banking,customer8625@example.com
10822,CUST1734,Cushion Cover,Home & Kitchen,5.0,1647.72,10.0,7414.74,2025-06-20,Bengaluru,Debit Card,customer8394@example.com
11160,CUST1166,Yoga Mat,Sports,5.0,1127.72,0.0,5638.6,2025-12-01,Mumbai,Credit Card,customer1709@example.com
10637,CUST1696,Wireless Mouse,Electronics,2.0,2923.35,0.0,5846.7,2025-03-03,Bengaluru,Credit Card,customer7533@example.com
10134,CUST1982,Cricket Bat,Sports,7.0,2043.12,0.0,14301.84,2025-02-27,Bengaluru,Cash on Delivery,customer9707@example.com
10228,CUST1880,Hair Serum,Beauty,2.0,5687.83,5.0,10806.88,2025-01-26,Delhi,UPI,customer8264@example.com
10302,CUST1215,Lip Balm,Beauty,7.0,4887.68,5.0,32503.07,2025-04-12,Delhi,Credit Card,customer5781@example.com
10829,CUST1011,Skipping Rope,Sports,6.0,3715.39,20.0,17833.87,2025-11-02,Mumbai,UPI,customer5091@example.com
10092,CUST1762,Denim Jacket,Apparel,1.0,4464.38,0.0,4464.38,2025-12-30,Delhi,Credit Card,customer2990@example.com
10452,CUST1419,Denim Jacket,Apparel,6.0,1031.52,5.0,5879.66,2025-06-22,Chennai,Credit Card,customer8697@example.com
10332,CUST1282,Face Wash,Beauty,5.0,265.8,0.0,1329.0,2026-01-24,Bengaluru,Cash on Delivery,customer7043@example.com
10012,CUST1159,Body Lotion,Beauty,5.0,3308.07,5.0,15713.33,2025-01-13,Hyderabad,Net Banking,customer3693@example.com
11013,CUST1192,Lip Balm,Beauty,3.0,1506.38,10.0,4067.23,2025-01-03,Hyderabad,Debit Card,customer9400@example.com
10054,CUST1470,Wireless Mouse,Electronics,6.0,3821.21,0.0,22927.26,2025-05-24,Bengaluru,Debit Card,customer6063@example.com
10268,CUST1342,Wireless Mouse,Electronics,6.0,3318.97,10.0,17922.44,2026-01-14,Hyderabad,Debit Card,customer2439@example.com
11144,CUST1270,Body Lotion,Beauty,6.0,5828.01,0.0,34968.06,2026-01-18,Chennai,UPI,customer1525@example.com
11250,CUST1770,Skipping Rope,Sports,2.0,5679.35,0.0,11358.7,2025-02-28,Bengaluru,Credit Card,customer7255@example.com
11383,CUST1084,Yoga Mat,Sports,6.0,464.13,10.0,2506.3,2025-08-16,Hyderabad,Cash on Delivery,customer6454@example.com
10684,CUST1046,Coffee Maker,Home & Kitchen,6.0,740.51,0.0,4443.06,2025-06-17,Hyderabad,Credit Card,customer3321@example.com
10283,CUST1159,Wireless Mouse,Electronics,6.0,3577.31,5.0,20390.67,2025-05-28,Mumbai,Net Banking,customer9244@example.com
10108,CUST1054,Face Wash,Beauty,3.0,1888.16,15.0,4814.81,2025-04-08,Delhi,Cash on Delivery,customer8479@example.com
11737,CUST1562,Non-stick Pan,Home & Kitchen,4.0,5916.78,5.0,22483.76,2025-09-24,Delhi,Credit Card,customer7589@example.com
10066,CUST1194,USB-C Cable,Electronics,1.0,1214.0,0.0,1214.0,2025-12-18,Chennai,Debit Card,customer7777@example.com
11248,CUST1734,Cotton T-Shirt,Apparel,5.0,4294.6,20.0,17178.4,2025-01-08,Chennai,Debit Card,customer5378@example.com
10465,CUST1633,Laptop Stand,Electronics,1.0,2466.23,20.0,1972.98,2026-01-01,Chennai,Credit Card,unknown@unknown.com
10168,CUST1668,Coffee Maker,Home & Kitchen,5.0,3761.51,5.0,17867.17,2025-01-27,Hyderabad,Debit Card,customer6539@example.com
11568,CUST1842,Lip Balm,Beauty,3.0,951.43,0.0,2854.29,2025-01-25,Delhi,Cash on Delivery,customer8675@example.com
11454,CUST1286,Coffee Maker,Home & Kitchen,5.0,2014.97,20.0,8059.88,2025-07-05,Bengaluru,Cash on Delivery,customer1477@example.com
11706,CUST1475,Sunscreen SPF50,Beauty,4.0,632.38,15.0,2150.09,2025-12-14,Bengaluru,Net Banking,unknown@unknown.com
10265,CUST1562,Football,Sports,6.0,378.13,0.0,2268.78,2025-08-22,Mumbai,Cash on Delivery,customer1910@example.com
10593,CUST1095,Yoga Mat,Sports,7.0,3101.34,0.0,21709.38,2025-11-11,Hyderabad,Debit Card,customer8194@example.com
11577,CUST1580,Coffee Maker,Home & Kitchen,3.0,4714.33,0.0,14142.99,2025-03-06,Bengaluru,Debit Card,customer8476@example.com
11348,CUST1542,Yoga Mat,Sports,4.0,5379.62,5.0,15331.92,2025-04-23,Mumbai,UPI,customer2842@example.com
11428,CUST1819,Wool Sweater,Apparel,4.0,2492.3,20.0,7975.36,2025-12-13,Chennai,Net Banking,unknown@unknown.com
10269,CUST1299,Cricket Bat,Sports,6.0,487.24,20.0,2338.75,2025-01-21,Mumbai,UPI,customer4456@example.com
11506,CUST1747,Skipping Rope,Sports,4.0,2380.82,5.0,9047.12,2025-01-02,Delhi,Credit Card,customer1471@example.com
10004,CUST1387,Cushion Cover,Home & Kitchen,1.0,4129.8,20.0,3303.84,2025-10-01,Delhi,Debit Card,customer8513@example.com
11698,CUST1185,Bluetooth Speaker,Electronics,7.0,4797.04,20.0,26863.42,2025-06-10,Delhi,UPI,customer8654@example.com
10768,CUST1509,Non-stick Pan,Home & Kitchen,2.0,5608.5,20.0,8973.6,2025-02-04,Delhi,Credit Card,customer3877@example.com
10901,CUST1945,Running Shoes,Apparel,1.0,2027.47,0.0,2027.47,2025-11-03,Delhi,UPI,customer4631@example.com
10442,CUST1586,Laptop Stand,Electronics,4.0,2472.4,20.0,7911.68,2025-06-05,Mumbai,Net Banking,customer6929@example.com
10958,CUST1077,Body Lotion,Beauty,2.0,4642.61,5.0,8820.96,2025-02-13,Delhi,Cash on Delivery,customer5227@example.com
10971,CUST1523,Wireless Mouse,Electronics,3.0,5101.65,15.0,13009.21,2025-12-08,Hyderabad,Cash on Delivery,customer9776@example.com
10249,CUST1729,Wireless Mouse,Electronics,4.0,167.09,5.0,793.68,2025-09-19,Bengaluru,Net Banking,customer8616@example.com
10422,CUST1145,Cap,Apparel,6.0,2535.33,0.0,15211.98,2025-08-30,Mumbai,Cash on Delivery,customer8566@example.com
11775,CUST1891,Skipping Rope,Sports,4.0,2970.94,10.0,16043.08,2025-06-09,Hyderabad,UPI,customer4737@example.com
10282,CUST1436,Cushion Cover,Home & Kitchen,1.0,5077.05,0.0,5077.05,2025-06-07,Hyderabad,Cash on Delivery,customer8480@example.com
11682,CUST1682,Dumbbell Set,Sports,6.0,1893.05,15.0,9654.55,2025-08-12,Bengaluru,Debit Card,customer8699@example.com
11538,CUST1416,LED Lamp,Home & Kitchen,7.0,3313.09,10.0,5258.67,2025-07-19,Chennai,Cash on Delivery,customer5392@example.com
11490,CUST1176,Dumbbell Set,Sports,1.0,2755.79,5.0,2618.0,2025-03-30,Bengaluru,Cash on Delivery,customer2151@example.com
11669,CUST1169,Sunscreen SPF50,Beauty,6.0,814.86,0.0,4889.16,2025-12-01,Mumbai,UPI,customer7062@example.com
11512,CUST1453,Football,Sports,1.0,4314.64,0.0,4314.64,2025-02-12,Delhi,Debit Card,customer9654@example.com
11173,CUST1248,Sunscreen SPF50,Beauty,2.0,1930.55,5.0,3668.04,2025-12-14,Hyderabad,Credit Card,customer4491@example.com
10984,CUST1637,Wireless Mouse,Electronics,1.0,5668.64,0.0,5668.64,2025-05-21,Hyderabad,Debit Card,customer9269@example.com
10303,CUST1458,Denim Jacket,Apparel,4.0,5594.05,5.0,21257.39,2025-12-27,Bengaluru,Debit Card,customer3783@example.com
11791,CUST1153,Laptop Stand,Electronics,7.0,3397.25,15.0,20213.64,2025-10-19,Bengaluru,Debit Card,unknown@unknown.com
11565,CUST1089,Body Lotion,Beauty,3.0,3819.85,20.0,9167.64,2025-06-26,Chennai,UPI,customer5906@example.com
11369,CUST1316,Football,Sports,6.0,171.74,0.0,1030.44,2025-02-17,Bengaluru,UPI,customer9945@example.com
11421,CUST1410,Body Lotion,Beauty,3.0,1195.43,20.0,2869.03,2025-09-04,Hyderabad,Credit Card,customer2120@example.com
10487,CUST1830,Denim Jacket,Apparel,5.0,3588.03,0.0,17940.15,2025-06-24,Mumbai,Debit Card,customer2784@example.com
11069,CUST1002,Yoga Mat,Sports,4.0,1981.2,5.0,7528.56,2025-01-13,Chennai,UPI,unknown@unknown.com
10349,CUST1128,Football,Sports,4.0,2896.72,5.0,11007.54,2025-07-26,Hyderabad,Debit Card,customer9312@example.com
10141,CUST1010,Dumbbell Set,Sports,7.0,2957.64,15.0,17597.96,2025-02-01,Mumbai,Net Banking,customer5197@example.com
11398,CUST1944,Cricket Bat,Sports,6.0,5600.93,10.0,30245.02,2025-12-02,Hyderabad,Credit Card,unknown@unknown.com
10719,CUST1074,Cushion Cover,Home & Kitchen,7.0,4521.33,0.0,25319.45,2025-11-09,Hyderabad,UPI,customer1028@example.com
11084,CUST1578,Running Shoes,Apparel,7.0,5285.16,5.0,35146.31,2025-06-02,Mumbai,Net Banking,customer5703@example.com
10835,CUST1009,Laptop Stand,Electronics,4.0,2297.94,15.0,7813.0,2025-02-02,Mumbai,Cash on Delivery,customer9015@example.com
11741,CUST1442,Sunscreen SPF50,Beauty,5.0,4191.48,0.0,20957.4,2026-01-27,Delhi,UPI,customer3352@example.com
10425,CUST1283,Lip Balm,Beauty,4.0,2933.97,10.0,19646.68,2025-12-12,Chennai,UPI,customer1757@example.com
10463,CUST1942,Bluetooth Speaker,Electronics,3.0,5402.92,5.0,15398.32,2026-01-09,Chennai,Net Banking,customer8833@example.com
11780,CUST1158,Skipping Rope,Sports,7.0,1353.37,0.0,9473.59,2026-01-29,Mumbai,Credit Card,customer4597@example.com
11027,CUST1383,Face Wash,Beauty,5.0,5102.23,15.0,21684.48,2025-06-04,Hyderabad,Credit Card,customer5675@example.com
10526,CUST1125,Laptop Stand,Electronics,5.0,2275.15,15.0,9669.39,2025-07-31,Delhi,Debit Card,customer3657@example.com
10588,CUST1274,Cushion Cover,Home & Kitchen,1.0,2181.07,0.0,2181.07,2025-11-18,Hyderabad,Debit Card,customer1314@example.com
11437,CUST1031,Denim Jacket,Apparel,2.0,5798.91,0.0,11597.82,2025-05-23,Delhi,Cash on Delivery,customer4307@example.com
10562,CUST1185,Body Lotion,Beauty,1.0,2514.81,0.0,2514.81,2025-07-13,Mumbai,Cash on Delivery,customer6720@example.com
11101,CUST1713,Dumbbell Set,Sports,5.0,4535.31,0.0,22676.55,2025-03-16,Mumbai,Credit Card,customer4748@example.com
11227,CUST1427,Lip Balm,Beauty,4.0,2627.04,10.0,9457.34,2025-06-01,Hyderabad,Cash on Delivery,customer9046@example.com
11748,CUST1249,Denim Jacket,Apparel,4.0,5439.36,0.0,21757.44,2025-07-30,Bengaluru,Net Banking,customer4549@example.com
10001,CUST1466,Body Lotion,Beauty,5.0,4711.19,20.0,18844.76,2025-05-02,Delhi,Cash on Delivery,customer9322@example.com
11303,CUST1092,Face Wash,Beauty,7.0,1849.8,15.0,11006.31,2025-04-08,Bengaluru,UPI,customer7050@example.com
10867,CUST1233,Cotton T-Shirt,Apparel,3.0,1880.15,10.0,5076.41,2025-07-13,Chennai,UPI,customer1889@example.com
10892,CUST1928,Wireless Mouse,Electronics,2.0,3488.39,0.0,6976.78,2025-10-17,Chennai,Credit Card,customer5053@example.com
11585,CUST1106,Storage Box,Home & Kitchen,4.0,4710.86,10.0,25438.64,2025-04-06,Hyderabad,Debit Card,customer1031@example.com
10116,CUST1887,Cricket Bat,Sports,4.0,4389.89,0.0,14047.65,2025-01-15,Mumbai,Credit Card,customer8564@example.com
11800,CUST1409,Running Shoes,Apparel,3.0,3018.41,5.0,4469.17,2025-02-05,Bengaluru,Net Banking,customer4719@example.com
10337,CUST1482,Lip Balm,Beauty,4.0,688.59,0.0,2754.36,2025-03-25,Bengaluru,Debit Card,customer2742@example.com
11136,CUST1219,Football,Sports,7.0,4952.32,5.0,32932.93,2025-01-28,Mumbai,UPI,customer9983@example.com
11588,CUST1294,Cricket Bat,Sports,5.0,5571.27,5.0,26463.53,2025-04-22,Chennai,Credit Card,customer3112@example.com
10202,CUST1123,Cotton T-Shirt,Apparel,4.0,1464.0,0.0,1464.0,2025-11-30,Mumbai,Net Banking,customer3461@example.com
11771,CUST1980,Cotton T-Shirt,Apparel,1.0,4581.53,0.0,4581.53,2025-08-31,Mumbai,UPI,customer5489@example.com
10031,CUST1050,Lip Balm,Beauty,7.0,3536.36,20.0,19803.62,2025-08-12,Chennai,Cash on Delivery,customer7293@example.com
10415,CUST1191,Cotton T-Shirt,Apparel,7.0,213.24,0.0,1492.68,2025-02-03,Chennai,Cash on Delivery,customer1310@example.com
11358,CUST1413,Coffee Maker,Home & Kitchen,5.0,709.66,0.0,3548.3,2025-10-31,Delhi,Net Banking,customer2946@example.com
10368,CUST1937,Cushion Cover,Home & Kitchen,5.0,5351.4,10.0,24081.3,2025-03-03,Mumbai,Cash on Delivery,unknown@unknown.com
11103,CUST1959,USB-C Cable,Electronics,6.0,2050.07,20.0,9840.34,2025-09-13,Delhi,Credit Card,customer5124@example.com
10936,CUST1502,Non-stick Pan,Home & Kitchen,7.0,5778.79,0.0,40451.53,2025-07-01,Hyderabad,Cash on Delivery,customer9422@example.com
10703,CUST1743,Skipping Rope,Sports,3.0,3555.55,20.0,8533.32,2025-08-11,Mumbai,Debit Card,customer2736@example.com
10632,CUST1356,Webcam,Electronics,3.0,912.37,10.0,2463.4,2026-01-07,Delhi,Net Banking,customer8633@example.com
10927,CUST1609,Football,Sports,3.0,4499.73,0.0,13499.19,2025-06-07,Bengaluru,UPI,customer3470@example.com
10294,CUST1557,Wireless Mouse,Electronics,7.0,3331.26,10.0,20986.94,2025-03-15,Mumbai,Debit Card,customer9016@example.com
10306,CUST1695,Hair Serum,Beauty,3.0,1302.02,5.0,3710.76,2025-02-17,Bengaluru,Credit Card,customer6451@example.com
11404,CUST1895,Dumbbell Set,Sports,5.0,4704.18,0.0,23520.9,2026-02-03,Bengaluru,Cash on Delivery,customer6672@example.com
10147,CUST1903,Cricket Bat,Sports,6.0,2074.75,5.0,11826.08,2025-06-22,Mumbai,UPI,customer8979@example.com
10331,CUST1783,Non-stick Pan,Home & Kitchen,6.0,564.72,20.0,2710.66,2025-04-24,Hyderabad,Debit Card,customer5595@example.com
11408,CUST1324,Face Wash,Beauty,4.0,951.85,0.0,3807.4,2025-04-29,Bengaluru,Cash on Delivery,customer7451@example.com
11133,CUST1986,Yoga Mat,Sports,6.0,1964.36,15.0,10018.24,2025-08-08,Mumbai,Cash on Delivery,customer5968@example.com
10808,CUST1557,Storage Box,Home & Kitchen,3.0,1252.05,10.0,3380.54,2025-11-13,Bengaluru,UPI,customer7963@example.com
10373,CUST1055,Cushion Cover,Home & Kitchen,2.0,378.03,15.0,642.65,2025-08-05,Chennai,Cash on Delivery,customer5172@example.com
10764,CUST1075,Hair Serum,Beauty,5.0,3364.16,0.0,16820.8,2025-01-04,Chennai,Debit Card,customer9297@example.com
11482,CUST1065,Cotton T-Shirt,Apparel,5.0,1976.57,5.0,9388.71,2025-11-21,Delhi,UPI,customer7409@example.com
11564,CUST1137,Yoga Mat,Sports,6.0,3673.14,0.0,22038.84,2025-10-13,Chennai,Net Banking,customer4490@example.com
11226,CUST1369,USB-C Cable,Electronics,3.0,4767.6,5.0,13587.66,2025-11-26,Hyderabad,Cash on Delivery,customer6408@example.com
10532,CUST1846,Coffee Maker,Home & Kitchen,7.0,1237.87,0.0,8665.09,2026-01-26,Hyderabad,Credit Card,customer8118@example.com
10040,CUST1841,Cricket Bat,Sports,3.0,5657.57,0.0,16972.71,2025-06-17,Delhi,Cash on Delivery,customer5107@example.com
10694,CUST1509,Body Lotion,Beauty,1.0,3126.98,0.0,3126.98,2025-10-16,Delhi,Credit Card,customer8777@example.com
11526,CUST1753,Non-stick Pan,Home & Kitchen,3.0,899.59,20.0,2159.02,2025-05-25,Delhi,Cash on Delivery,customer7191@example.com
11439,CUST1889,Sunscreen SPF50,Beauty,4.0,170.54,0.0,682.16,2025-03-05,Delhi,Debit Card,customer1128@example.com
10081,CUST1164,Non-stick Pan,Home & Kitchen,6.0,1329.52,0.0,7977.12,2025-08-01,Mumbai,Cash on Delivery,customer5227@example.com
10645,CUST1870,Cricket Bat,Sports,2.0,3633.18,5.0,6903.04,2025-11-01,Chennai,Cash on Delivery,customer3147@example.com
11578,CUST1940,LED Lamp,Home & Kitchen,2.0,642.04,20.0,1027.26,2025-09-26,Bengaluru,Debit Card,customer4574@example.com
10102,CUST1631,Storage Box,Home & Kitchen,1.0,4617.09,0.0,4617.09,2025-07-06,Mumbai,Credit Card,customer4186@example.com
10557,CUST1555,Face Wash,Beauty,6.0,2933.97,15.0,22386.3,2025-07-08,Bengaluru,Debit Card,customer8557@example.com
10770,CUST1132,Face Wash,Beauty,2.0,5034.5,0.0,10069.0,2025-12-09,Bengaluru,Cash on Delivery,customer6902@example.com
10967,CUST1906,Hair Serum,Beauty,4.0,2512.29,0.0,10049.16,2025-07-07,Delhi,Debit Card,customer4527@example.com
10229,CUST1378,Wool Sweater,Apparel,4.0,767.02,20.0,2454.46,2025-03-30,Mumbai,Cash on Delivery,customer3551@example.com
11448,CUST1812,Dumbbell Set,Sports,3.0,2415.22,0.0,7245.66,2025-07-18,Bengaluru,Cash on Delivery,customer5601@example.com
10454,CUST1772,Football,Sports,7.0,5014.38,5.0,33345.63,2025-04-08,Bengaluru,UPI,customer3253@example.com
11536,CUST1081,Bluetooth Speaker,Electronics,1.0,2120.95,0.0,2014.9,2025-05-24,Delhi,UPI,customer6985@example.com
10970,CUST1661,Webcam,Electronics,4.0,1631.26,0.0,6525.04,2025-08-23,Chennai,Cash on Delivery,customer2620@example.com
11015,CUST1834,Face Wash,Beauty,6.0,4996.4,5.0,28479.48,2025-06-25,Delhi,Net Banking,customer4469@example.com
11284,CUST1953,Webcam,Electronics,6.0,3740.22,5.0,21319.25,2025-02-14,Hyderabad,UPI,customer6869@example.com
11044,CUST1324,Wool Sweater,Apparel,3.0,5734.63,10.0,15483.5,2025-01-04,Bengaluru,Credit Card,customer4574@example.com
11335,CUST1024,Cushion Cover,Home & Kitchen,2.0,5117.06,10.0,9210.71,2025-07-16,Mumbai,Net Banking,customer4545@example.com
10920,CUST1121,Running Shoes,Apparel,2.0,3893.74,0.0,7787.48,2025-11-19,Mumbai,Credit Card,customer5570@example.com
11452,CUST1752,Storage Box,Home & Kitchen,1.0,5674.34,20.0,4539.47,2025-10-31,Mumbai,Net Banking,unknown@unknown.com
10234,CUST1381,USB-C Cable,Electronics,4.0,321.78,0.0,1287.12,2025-06-03,Bengaluru,Net Banking,customer1264@example.com
11762,CUST1097,Football,Sports,3.0,3002.26,0.0,9006.78,2025-08-02,Bengaluru,Cash on Delivery,customer1553@example.com
10737,CUST1946,Dumbbell Set,Sports,6.0,3236.34,0.0,19418.04,2025-03-16,Mumbai,Cash on Delivery,customer5944@example.com
11037,CUST1602,USB-C Cable,Electronics,7.0,904.87,0.0,6334.09,2025-09-16,Bengaluru,Debit Card,customer3517@example.com
10336,CUST1513,Lip Balm,Beauty,1.0,1351.2,0.0,1351.2,2025-07-27,Delhi,Debit Card,customer2518@example.com
11311,CUST1470,Hair Serum,Beauty,6.0,2907.13,0.0,17442.78,2025-01-09,Hyderabad,Net Banking,customer4904@example.com
11571,CUST1710,Football,Sports,4.0,5130.04,0.0,20520.16,2025-07-19,Chennai,UPI,customer2085@example.com
10655,CUST1296,USB-C Cable,Electronics,2.0,3744.82,5.0,7115.16,2025-11-29,Chennai,UPI,customer1355@example.com
10962,CUST1100,Bluetooth Speaker,Electronics,6.0,2587.06,15.0,13194.01,2026-01-10,Chennai,Debit Card,customer3343@example.com
11271,CUST1109,LED Lamp,Home & Kitchen,7.0,5597.12,0.0,39179.84,2025-09-01,Mumbai,Net Banking,customer1284@example.com
10284,CUST1926,Body Lotion,Beauty,2.0,4685.77,5.0,8902.96,2025-04-29,Delhi,Debit Card,customer8016@example.com
10304,CUST1597,Dumbbell Set,Sports,6.0,5779.51,15.0,29475.5,2025-03-03,Hyderabad,Debit Card,customer2932@example.com
10574,CUST1104,Dumbbell Set,Sports,7.0,5693.96,0.0,39857.72,2025-08-14,Delhi,Credit Card,customer8422@example.com
11318,CUST1360,Non-stick Pan,Home & Kitchen,4.0,5178.24,5.0,19677.31,2025-04-13,Hyderabad,Net Banking,customer6735@example.com
10731,CUST1953,Cushion Cover,Home & Kitchen,4.0,3313.84,15.0,11267.06,2025-05-02,Mumbai,Net Banking,customer4241@example.com
10834,CUST1036,USB-C Cable,Electronics,2.0,1513.31,15.0,2572.63,2025-12-21,Hyderabad,Cash on Delivery,customer4082@example.com
10041,CUST1775,Cap,Apparel,7.0,3766.79,0.0,26367.53,2025-03-31,Delhi,Debit Card,customer1417@example.com
10922,CUST1965,Body Lotion,Beauty,7.0,5436.16,15.0,32345.15,2025-11-09,Chennai,Cash on Delivery,customer3217@example.com
10059,CUST1517,Yoga Mat,Sports,7.0,365.41,0.0,2557.87,2025-11-07,Mumbai,Cash on Delivery,customer6989@example.com
11345,CUST1028,Cushion Cover,Home & Kitchen,3.0,2708.69,0.0,8126.07,2025-05-09,Mumbai,Net Banking,customer7056@example.com
10144,CUST1970,Denim Jacket,Apparel,4.0,390.92,0.0,1563.68,2025-12-26,Mumbai,Credit Card,unknown@unknown.com
10816,CUST1779,Coffee Maker,Home & Kitchen,2.0,1611.93,0.0,3223.86,2025-05-04,Delhi,Cash on Delivery,customer8226@example.com
10256,CUST1040,Hair Serum,Beauty,4.0,565.39,0.0,1130.78,2025-05-23,Bengaluru,Credit Card,customer1201@example.com
11483,CUST1405,Football,Sports,6.0,1349.13,0.0,8094.78,2025-05-18,Mumbai,Cash on Delivery,customer2671@example.com
10597,CUST1132,Face Wash,Beauty,7.0,4521.69,5.0,30069.24,2025-04-16,Bengaluru,Net Banking,customer6003@example.com
11632,CUST1262,Non-stick Pan,Home & Kitchen,2.0,972.54,10.0,1750.57,2026-01-29,Delhi,Net Banking,customer5213@example.com
11676,CUST1831,Storage Box,Home & Kitchen,2.0,5288.29,10.0,9518.92,2025-05-22,Delhi,Net Banking,customer3313@example.com
10590,CUST1669,Non-stick Pan,Home & Kitchen,4.0,3313.09,15.0,2438.92,2025-07-16,Chennai,Cash on Delivery,customer2992@example.com
11420,CUST1572,LED Lamp,Home & Kitchen,6.0,1422.28,10.0,7680.31,2025-04-30,Bengaluru,UPI,customer3391@example.com
11488,CUST1155,Face Wash,Beauty,5.0,2906.82,10.0,13080.69,2025-02-06,Mumbai,Debit Card,customer2607@example.com
10670,CUST1612,Webcam,Electronics,6.0,5518.97,0.0,33113.82,2025-04-30,Bengaluru,Net Banking,customer5439@example.com
10708,CUST1584,Laptop Stand,Electronics,4.0,1368.42,5.0,5200.0,2025-03-20,Mumbai,Credit Card,customer9593@example.com
10626,CUST1494,Wireless Mouse,Electronics,4.0,5754.13,10.0,20714.87,2025-04-15,Delhi,UPI,unknown@unknown.com
10479,CUST1250,Cap,Apparel,2.0,3685.5,10.0,6633.9,2025-11-26,Hyderabad,Cash on Delivery,customer3170@example.com
10853,CUST1857,LED Lamp,Home & Kitchen,4.0,3235.62,0.0,12942.48,2025-05-17,Chennai,Cash on Delivery,unknown@unknown.com
10120,CUST1186,Webcam,Electronics,1.0,790.39,0.0,750.87,2025-05-20,Bengaluru,Cash on Delivery,customer5805@example.com
11349,CUST1985,Non-stick Pan,Home & Kitchen,4.0,2740.79,0.0,5481.58,2025-06-24,Mumbai,Credit Card,customer2361@example.com
11566,CUST1300,Storage Box,Home & Kitchen,1.0,3755.76,15.0,3192.4,2025-06-22,Bengaluru,Net Banking,customer4837@example.com
11709,CUST1604,Wireless Mouse,Electronics,6.0,3597.69,0.0,21586.14,2026-01-04,Delhi,UPI,customer7984@example.com
11270,CUST1302,Yoga Mat,Sports,4.0,5324.3,20.0,17037.76,2025-05-02,Bengaluru,Credit Card,customer2000@example.com
11616,CUST1531,Hair Serum,Beauty,1.0,5073.8,0.0,5073.8,2025-02-13,Chennai,Debit Card,customer5041@example.com
10855,CUST1587,Laptop Stand,Electronics,2.0,230.34,0.0,460.68,2025-09-06,Chennai,Net Banking,customer2340@example.com
11492,CUST1216,Sunscreen SPF50,Beauty,5.0,5682.57,5.0,26992.21,2025-08-10,Chennai,UPI,unknown@unknown.com
10170,CUST1384,Dumbbell Set,Sports,4.0,2633.49,20.0,12640.75,2025-11-06,Chennai,Debit Card,customer7284@example.com
10354,CUST1918,Webcam,Electronics,6.0,2554.9,5.0,14562.93,2025-04-22,Hyderabad,Cash on Delivery,customer5545@example.com
10538,CUST1040,Coffee Maker,Home & Kitchen,3.0,3717.4,10.0,10036.98,2025-06-15,Bengaluru,Credit Card,customer5823@example.com
11516,CUST1691,Cap,Apparel,7.0,4128.33,20.0,23118.65,2025-06-15,Hyderabad,Net Banking,customer1106@example.com
11235,CUST1131,Cotton T-Shirt,Apparel,4.0,3704.6,20.0,11854.72,2025-10-31,Mumbai,Net Banking,customer7190@example.com
11660,CUST1172,USB-C Cable,Electronics,2.0,1552.5,0.0,3105.0,2025-09-06,Mumbai,Credit Card,customer8072@example.com
10433,CUST1333,Cotton T-Shirt,Apparel,7.0,2142.19,0.0,14995.33,2025-01-25,Mumbai,Debit Card,customer6578@example.com
10780,CUST1320,Laptop Stand,Electronics,5.0,5841.83,0.0,29209.15,2025-04-03,Chennai,Credit Card,customer2695@example.com
10271,CUST1163,Cushion Cover,Home & Kitchen,5.0,1015.71,0.0,5078.55,2025-04-11,Hyderabad,UPI,customer2140@example.com
10603,CUST1769,Cricket Bat,Sports,1.0,1219.76,0.0,1219.76,2025-12-03,Bengaluru,Debit Card,customer3581@example.com
10817,CUST1963,Lip Balm,Beauty,1.0,2096.49,0.0,2096.49,2025-03-31,Mumbai,Credit Card,customer3580@example.com
10811,CUST1569,Lip Balm,Beauty,2.0,1180.08,15.0,2006.14,2026-01-10,Mumbai,Credit Card,customer4499@example.com
11199,CUST1567,Wireless Mouse,Electronics,1.0,651.99,0.0,651.99,2025-03-19,Mumbai,Credit Card,customer4206@example.com
10656,CUST1350,Coffee Maker,Home & Kitchen,6.0,1548.14,20.0,7431.07,2025-11-12,Hyderabad,Debit Card,customer6791@example.com
11058,CUST1789,Skipping Rope,Sports,4.0,2613.64,0.0,10454.56,2025-03-09,Mumbai,Debit Card,customer7721@example.com
10996,CUST1050,LED Lamp,Home & Kitchen,4.0,3652.03,20.0,8764.87,2025-05-18,Bengaluru,Net Banking,customer1595@example.com
10758,CUST1084,Cotton T-Shirt,Apparel,1.0,1694.26,10.0,1524.83,2025-10-14,Chennai,Credit Card,customer4183@example.com
10775,CUST1639,Cricket Bat,Sports,1.0,5908.28,5.0,5612.87,2025-08-31,Mumbai,Net Banking,unknown@unknown.com
10209,CUST1632,Sunscreen SPF50,Beauty,4.0,5063.79,0.0,20255.16,2025-01-14,Mumbai,Net Banking,customer3634@example.com
10289,CUST1532,Lip Balm,Beauty,1.0,4105.23,15.0,3489.45,2025-07-20,Bengaluru,Net Banking,customer2316@example.com
10105,CUST1980,Yoga Mat,Sports,5.0,3021.3,0.0,21815.95,2025-12-08,Mumbai,UPI,unknown@unknown.com
10237,CUST1858,Non-stick Pan,Home & Kitchen,3.0,5072.47,15.0,12934.8,2025-09-28,Bengaluru,Cash on Delivery,customer7049@example.com
10644,CUST1566,Bluetooth Speaker,Electronics,7.0,3075.2,15.0,18297.44,2026-01-09,Hyderabad,Debit Card,customer1312@example.com
10409,CUST1471,Wool Sweater,Apparel,7.0,1114.58,5.0,7411.96,2025-10-14,Chennai,Debit Card,customer6698@example.com
10665,CUST1716,Yoga Mat,Sports,2.0,4065.2,5.0,7723.88,2025-11-28,Mumbai,Credit Card,customer1727@example.com
10023,CUST1162,Webcam,Electronics,2.0,1090.73,0.0,2181.46,2025-11-06,Mumbai,Credit Card,customer6699@example.com
10205,CUST1561,Skipping Rope,Sports,5.0,781.47,20.0,3125.88,2025-10-10,Mumbai,Net Banking,customer9652@example.com
11297,CUST1875,Webcam,Electronics,7.0,504.29,0.0,3530.03,2025-07-15,Mumbai,Cash on Delivery,customer4936@example.com
10738,CUST1186,Denim Jacket,Apparel,3.0,4138.09,5.0,11793.56,2025-05-18,Chennai,Debit Card,customer4933@example.com
10991,CUST1531,Laptop Stand,Electronics,6.0,3705.1,15.0,18896.01,2025-12-15,Hyderabad,Net Banking,customer7395@example.com
11649,CUST1426,Webcam,Electronics,3.0,3087.57,10.0,8336.44,2025-06-10,Mumbai,Credit Card,customer1110@example.com
10537,CUST1198,USB-C Cable,Electronics,7.0,2914.22,5.0,19379.56,2025-04-24,Mumbai,Net Banking,customer1992@example.com
11473,CUST1018,Wireless Mouse,Electronics,2.0,4124.54,0.0,8249.08,2025-09-26,Bengaluru,Net Banking,customer7993@example.com
11168,CUST1464,Bluetooth Speaker,Electronics,5.0,4115.53,0.0,20577.65,2025-10-27,Bengaluru,Net Banking,customer8150@example.com
11716,CUST1487,Non-stick Pan,Home & Kitchen,6.0,4468.29,20.0,21447.79,2025-04-21,Delhi,Cash on Delivery,customer4233@example.com
10698,CUST1064,Skipping Rope,Sports,3.0,4157.29,0.0,12471.87,2025-05-21,Mumbai,Debit Card,customer1968@example.com
10629,CUST1966,Coffee Maker,Home & Kitchen,2.0,1874.68,0.0,3749.36,2025-08-03,Mumbai,Net Banking,customer3096@example.com
10651,CUST1987,Cotton T-Shirt,Apparel,2.0,2789.11,0.0,5578.22,2025-03-13,Mumbai,Cash on Delivery,customer4257@example.com
11560,CUST1594,Cap,Apparel,6.0,3134.83,15.0,15987.63,2025-07-27,Delhi,Debit Card,customer1567@example.com
10020,CUST1262,Wireless Mouse,Electronics,6.0,5559.46,0.0,33356.76,2025-04-09,Mumbai,Credit Card,customer3049@example.com
10561,CUST1757,Cotton T-Shirt,Apparel,3.0,383.55,0.0,1150.65,2026-05-01,Mumbai,Cash on Delivery,customer2565@example.com
10675,CUST1913,Cricket Bat,Sports,4.0,2030.97,0.0,8123.88,2026-01-01,Bengaluru,Net Banking,customer7370@example.com
10813,CUST1998,Wool Sweater,Apparel,5.0,3018.41,0.0,13109.3,2025-03-12,Delhi,Cash on Delivery,customer2298@example.com
10642,CUST1641,USB-C Cable,Electronics,3.0,5450.69,20.0,13081.66,2026-01-28,Hyderabad,Net Banking,customer7719@example.com
10548,CUST1595,Cotton T-Shirt,Apparel,6.0,4030.37,5.0,22973.11,2025-05-10,Hyderabad,UPI,customer8489@example.com
10082,CUST1690,Webcam,Electronics,7.0,2445.8,15.0,14552.51,2025-10-15,Mumbai,Credit Card,customer3712@example.com
11413,CUST1026,Yoga Mat,Sports,1.0,5721.66,10.0,5149.49,2025-06-20,Hyderabad,Debit Card,customer9167@example.com
11384,CUST1799,Hair Serum,Beauty,5.0,610.3,15.0,2593.78,2026-01-15,Hyderabad,Cash on Delivery,customer2292@example.com
10052,CUST1408,Cushion Cover,Home & Kitchen,7.0,5778.71,0.0,38428.42,2026-01-04,Chennai,Cash on Delivery,unknown@unknown.com
10260,CUST1072,Body Lotion,Beauty,3.0,2665.1,10.0,7195.77,2026-10-01,Delhi,Cash on Delivery,customer2823@example.com
11735,CUST1561,Coffee Maker,Home & Kitchen,5.0,3661.7,15.0,15562.22,2025-10-28,Bengaluru,Cash on Delivery,customer3781@example.com
10586,CUST1056,Hair Serum,Beauty,5.0,5759.4,0.0,28797.0,2025-07-17,Bengaluru,Credit Card,customer2410@example.com
10397,CUST1701,Storage Box,Home & Kitchen,5.0,4417.36,20.0,17669.44,2025-11-21,Bengaluru,Cash on Delivery,customer4558@example.com
11229,CUST1190,Bluetooth Speaker,Electronics,6.0,2045.26,15.0,10430.83,2025-01-06,Delhi,Debit Card,customer4550@example.com
10535,CUST1582,Wireless Mouse,Electronics,6.0,1985.16,20.0,9528.77,2025-10-01,Hyderabad,Net Banking,customer7269@example.com
10192,CUST1012,Skipping Rope,Sports,7.0,4133.7,10.0,26042.31,2025-06-03,Mumbai,Cash on Delivery,customer8380@example.com
11557,CUST1293,USB-C Cable,Electronics,5.0,2206.44,0.0,11032.2,2025-03-02,Hyderabad,UPI,customer5526@example.com
11611,CUST1492,Running Shoes,Apparel,4.0,5050.37,5.0,19191.41,2025-04-11,Mumbai,Cash on Delivery,customer6447@example.com
11590,CUST1089,Body Lotion,Beauty,3.0,3736.35,0.0,11209.05,2025-10-28,Hyderabad,Cash on Delivery,customer2624@example.com
11377,CUST1146,Face Wash,Beauty,7.0,1331.34,0.0,9319.38,2025-02-10,Delhi,Credit Card,customer4194@example.com
10942,CUST1235,Coffee Maker,Home & Kitchen,2.0,4318.72,20.0,6909.95,2025-03-10,Delhi,Cash on Delivery,customer7993@example.com
10050,CUST1444,Webcam,Electronics,4.0,2198.78,20.0,7036.1,2025-02-10,Chennai,UPI,customer9905@example.com
10095,CUST1423,LED Lamp,Home & Kitchen,5.0,3806.11,15.0,16175.97,2025-05-24,Hyderabad,UPI,customer7645@example.com
11755,CUST1499,Laptop Stand,Electronics,7.0,5748.31,5.0,38226.26,2026-01-08,Bengaluru,UPI,customer2285@example.com
10564,CUST1012,Cap,Apparel,1.0,2990.96,10.0,2691.86,2025-07-01,Bengaluru,Debit Card,customer3663@example.com
10300,CUST1142,Cotton T-Shirt,Apparel,4.0,3254.81,0.0,13019.24,2025-11-27,Hyderabad,Credit Card,customer6690@example.com
11210,CUST1449,Wool Sweater,Apparel,3.0,1993.08,10.0,5381.32,2025-03-10,Mumbai,Debit Card,customer4761@example.com
11197,CUST1296,Denim Jacket,Apparel,4.0,5877.75,0.0,41144.25,2025-07-08,Mumbai,Cash on Delivery,customer1703@example.com
11264,CUST1392,USB-C Cable,Electronics,2.0,4984.22,20.0,7974.75,2025-02-08,Hyderabad,Net Banking,customer8707@example.com
11299,CUST1910,LED Lamp,Home & Kitchen,1.0,3859.2,0.0,3859.2,2025-06-04,Bengaluru,Cash on Delivery,customer7441@example.com
10794,CUST1168,Running Shoes,Apparel,6.0,5268.68,15.0,26870.27,2025-06-26,Mumbai,UPI,customer5382@example.com
11119,CUST1437,Face Wash,Beauty,7.0,4120.1,20.0,23072.56,2025-11-29,Chennai,Net Banking,customer1908@example.com
11468,CUST1825,Denim Jacket,Apparel,7.0,818.35,0.0,5728.45,2025-07-25,Delhi,Credit Card,customer6430@example.com
10447,CUST1961,Cricket Bat,Sports,3.0,1037.89,0.0,3113.67,2025-07-01,Chennai,Net Banking,customer3077@example.com
11251,CUST1647,Football,Sports,4.0,2137.99,0.0,8551.96,2025-12-12,Hyderabad,UPI,customer2178@example.com
11547,CUST1829,Face Wash,Beauty,1.0,2601.11,0.0,2601.11,2025-06-19,Mumbai,Credit Card,customer5453@example.com
10997,CUST1262,Coffee Maker,Home & Kitchen,4.0,2384.45,15.0,8107.13,2025-03-03,Delhi,Debit Card,customer1947@example.com
10882,CUST1674,LED Lamp,Home & Kitchen,5.0,2974.44,20.0,11897.76,2025-12-15,Chennai,Cash on Delivery,unknown@unknown.com
11445,CUST1333,Hair Serum,Beauty,4.0,1142.52,15.0,3884.57,2026-02-03,Mumbai,UPI,unknown@unknown.com
10621,CUST1885,Bluetooth Speaker,Electronics,4.0,3557.25,5.0,13517.55,2025-12-31,Mumbai,Credit Card,customer4815@example.com
11010,CUST1161,Webcam,Electronics,7.0,5029.69,0.0,35207.83,2025-08-24,Mumbai,Net Banking,customer8849@example.com
11389,CUST1179,Coffee Maker,Home & Kitchen,1.0,1088.02,20.0,870.42,2025-08-12,Hyderabad,Cash on Delivery,customer4975@example.com
11001,CUST1446,Football,Sports,4.0,1765.29,20.0,5648.93,2025-09-22,Mumbai,Cash on Delivery,customer7820@example.com
10959,CUST1274,Sunscreen SPF50,Beauty,4.0,5300.47,0.0,15901.41,2026-01-25,Mumbai,UPI,customer5359@example.com
10615,CUST1280,Non-stick Pan,Home & Kitchen,4.0,3304.27,20.0,10573.66,2026-01-20,Delhi,UPI,customer2074@example.com
11466,CUST1268,Bluetooth Speaker,Electronics,2.0,2004.88,0.0,4009.76,2025-04-05,Delhi,Cash on Delivery,customer3680@example.com
11710,CUST1007,Wireless Mouse,Electronics,4.0,353.13,15.0,300.16,2025-06-05,Mumbai,Cash on Delivery,customer6169@example.com
10988,CUST1342,Bluetooth Speaker,Electronics,4.0,2854.81,0.0,11419.24,2025-01-22,Chennai,Cash on Delivery,customer7227@example.com
10287,CUST1176,Hair Serum,Beauty,3.0,5457.12,10.0,14734.22,2025-03-24,Chennai,Net Banking,customer9662@example.com
10633,CUST1811,Cotton T-Shirt,Apparel,5.0,3293.06,5.0,15642.03,2026-01-19,Mumbai,Cash on Delivery,customer8503@example.com
10017,CUST1183,Football,Sports,7.0,5916.06,5.0,39341.8,2025-07-22,Mumbai,Cash on Delivery,customer3931@example.com
11263,CUST1033,Bluetooth Speaker,Electronics,3.0,5419.25,15.0,13819.09,2026-01-24,Chennai,UPI,customer8532@example.com
11472,CUST1076,Cap,Apparel,1.0,3132.87,0.0,3132.87,2025-05-02,Delhi,Cash on Delivery,customer3506@example.com
11457,CUST1225,Laptop Stand,Electronics,1.0,3418.29,5.0,3247.38,2025-01-15,Hyderabad,Cash on Delivery,customer7864@example.com
11759,CUST1741,Skipping Rope,Sports,2.0,981.33,15.0,1668.26,2026-05-01,Delhi,Cash on Delivery,customer5973@example.com
10680,CUST1699,Webcam,Electronics,3.0,4381.48,15.0,11172.77,2025-05-29,Mumbai,Debit Card,customer2174@example.com
10136,CUST1302,LED Lamp,Home & Kitchen,4.0,5712.55,5.0,21707.69,2025-01-21,Delhi,Net Banking,customer2682@example.com
10773,CUST1022,Body Lotion,Beauty,1.0,240.66,20.0,192.53,2025-05-10,Delhi,Credit Card,customer1012@example.com
11613,CUST1214,Cushion Cover,Home & Kitchen,6.0,1987.35,5.0,11327.89,2025-07-26,Bengaluru,Net Banking,customer6873@example.com
11786,CUST1553,Skipping Rope,Sports,2.0,870.46,20.0,1392.74,2025-03-05,Delhi,Cash on Delivery,customer5954@example.com
10212,CUST1161,Cushion Cover,Home & Kitchen,4.0,3434.68,15.0,11677.91,2025-01-24,Mumbai,Net Banking,customer4390@example.com
11117,CUST1513,Cotton T-Shirt,Apparel,3.0,4520.0,10.0,12204.0,2025-01-27,Mumbai,UPI,customer4454@example.com
10580,CUST1036,Cap,Apparel,4.0,469.47,10.0,1690.09,2025-05-25,Chennai,Cash on Delivery,customer7349@example.com
10862,CUST1827,Wool Sweater,Apparel,1.0,272.32,20.0,217.86,2026-01-06,Delhi,Cash on Delivery,customer4424@example.com
10089,CUST1798,Body Lotion,Beauty,2.0,4287.35,0.0,8574.7,2025-04-02,Hyderabad,UPI,customer8196@example.com
10790,CUST1252,Cushion Cover,Home & Kitchen,4.0,2830.78,0.0,11323.12,2025-12-10,Delhi,UPI,customer9978@example.com
10299,CUST1078,Cushion Cover,Home & Kitchen,4.0,5633.66,5.0,10703.95,2025-07-24,Bengaluru,Debit Card,unknown@unknown.com
10530,CUST1589,Body Lotion,Beauty,6.0,1840.47,10.0,9938.54,2025-07-25,Chennai,UPI,customer1001@example.com
10956,CUST1394,Cricket Bat,Sports,3.0,3400.87,0.0,10202.61,2025-05-23,Delhi,Cash on Delivery,customer8391@example.com
11521,CUST1664,Non-stick Pan,Home & Kitchen,2.0,4206.54,20.0,6730.46,2025-08-24,Hyderabad,Net Banking,customer5721@example.com
11104,CUST1484,Face Wash,Beauty,1.0,1012.36,0.0,1012.36,2025-11-09,Bengaluru,Debit Card,customer4055@example.com
10749,CUST1943,Football,Sports,2.0,4703.28,5.0,8936.23,2025-04-20,Mumbai,Cash on Delivery,unknown@unknown.com
10046,CUST1468,Cap,Apparel,1.0,1865.28,5.0,1772.02,2026-01-14,Hyderabad,Credit Card,customer2062@example.com
11417,CUST1555,Wool Sweater,Apparel,5.0,606.59,20.0,2426.36,2025-09-13,Hyderabad,UPI,customer1205@example.com
10907,CUST1017,Skipping Rope,Sports,3.0,4149.02,0.0,12447.06,2025-10-16,Delhi,Cash on Delivery,unknown@unknown.com
11666,CUST1493,Webcam,Electronics,3.0,2539.2,5.0,7236.72,2025-02-27,Hyderabad,Debit Card,customer5642@example.com
11462,CUST1734,Denim Jacket,Apparel,4.0,1740.79,0.0,6963.16,2025-03-17,Bengaluru,UPI,customer7189@example.com
10529,CUST1703,Cushion Cover,Home & Kitchen,1.0,3143.92,5.0,2986.72,2025-03-15,Mumbai,UPI,customer1534@example.com
11650,CUST1484,Webcam,Electronics,2.0,5342.8,10.0,9617.04,2025-08-24,Mumbai,Cash on Delivery,customer9885@example.com
11118,CUST1424,Dumbbell Set,Sports,7.0,3021.3,0.0,28971.04,2025-07-03,Bengaluru,Net Banking,customer2003@example.com
10482,CUST1424,Skipping Rope,Sports,7.0,5517.63,15.0,32829.9,2025-08-14,Bengaluru,Cash on Delivery,customer3313@example.com
11575,CUST1575,Face Wash,Beauty,6.0,4199.25,0.0,25195.5,2026-01-02,Bengaluru,Credit Card,customer2523@example.com
10488,CUST1373,LED Lamp,Home & Kitchen,2.0,2050.8,15.0,3486.36,2025-01-14,Delhi,Credit Card,customer5658@example.com
11083,CUST1707,Face Wash,Beauty,7.0,1933.16,0.0,13532.12,2025-05-21,Mumbai,Net Banking,customer6623@example.com
10111,CUST1434,Cotton T-Shirt,Apparel,5.0,4941.75,5.0,23473.31,2025-06-21,Delhi,Cash on Delivery,customer5090@example.com
11085,CUST1115,Dumbbell Set,Sports,7.0,4119.32,0.0,28835.24,2025-06-06,Hyderabad,Net Banking,customer8041@example.com
10727,CUST1410,Cotton T-Shirt,Apparel,5.0,4356.26,0.0,21781.3,2025-03-18,Delhi,UPI,customer5846@example.com
11225,CUST1690,Cricket Bat,Sports,6.0,5754.2,10.0,31072.68,2025-07-09,Delhi,Net Banking,customer8575@example.com
10923,CUST1340,Cap,Apparel,3.0,5654.65,0.0,16963.95,2026-05-01,Chennai,Net Banking,customer3511@example.com
10769,CUST1701,Sunscreen SPF50,Beauty,3.0,3347.7,10.0,9038.79,2025-08-11,Bengaluru,UPI,customer9853@example.com
10063,CUST1305,Running Shoes,Apparel,4.0,5433.43,0.0,21733.72,2025-10-21,Delhi,UPI,customer2331@example.com
10661,CUST1001,Lip Balm,Beauty,1.0,231.98,0.0,231.98,2025-08-15,Bengaluru,Debit Card,customer3739@example.com
10333,CUST1196,Cricket Bat,Sports,1.0,1821.69,0.0,1821.69,2025-02-08,Bengaluru,Credit Card,customer4765@example.com
10002,CUST1160,Dumbbell Set,Sports,2.0,5640.53,5.0,10717.01,2025-04-10,Chennai,Cash on Delivery,customer9666@example.com
10654,CUST1834,USB-C Cable,Electronics,1.0,2664.59,5.0,2531.36,2025-05-13,Delhi,Net Banking,customer1964@example.com
11694,CUST1303,Cricket Bat,Sports,3.0,1013.21,0.0,3039.63,2025-08-20,Bengaluru,Credit Card,unknown@unknown.com
10143,CUST1115,Wool Sweater,Apparel,1.0,3178.61,0.0,3178.61,2025-03-18,Bengaluru,Debit Card,customer2709@example.com
11150,CUST1732,Storage Box,Home & Kitchen,1.0,2065.15,15.0,1755.38,2025-02-07,Mumbai,Debit Card,customer7211@example.com
10944,CUST1756,USB-C Cable,Electronics,5.0,2441.3,0.0,12206.5,2025-05-23,Chennai,Credit Card,customer9484@example.com
10900,CUST1306,Cricket Bat,Sports,5.0,5270.92,0.0,26354.6,2025-02-03,Mumbai,Credit Card,customer8044@example.com
11703,CUST1154,Bluetooth Speaker,Electronics,2.0,1971.78,5.0,3746.38,2025-07-13,Delhi,Debit Card,customer1885@example.com
10826,CUST1066,Cushion Cover,Home & Kitchen,1.0,4120.16,10.0,3708.14,2025-04-30,Hyderabad,Cash on Delivery,customer7806@example.com
10199,CUST1349,LED Lamp,Home & Kitchen,2.0,2225.82,10.0,4006.48,2025-09-18,Chennai,Debit Card,customer7511@example.com
10461,CUST1076,Storage Box,Home & Kitchen,3.0,3212.85,0.0,9638.55,2025-10-26,Mumbai,UPI,customer3799@example.com
10160,CUST1977,Dumbbell Set,Sports,2.0,5052.97,0.0,10105.94,2025-04-24,Bengaluru,Net Banking,customer1986@example.com
11646,CUST1270,Body Lotion,Beauty,4.0,2296.18,5.0,8725.48,2025-11-07,Hyderabad,Net Banking,customer4647@example.com
11535,CUST1726,Skipping Rope,Sports,6.0,5014.68,15.0,25574.87,2025-05-02,Chennai,Debit Card,customer9997@example.com
10084,CUST1549,Body Lotion,Beauty,7.0,3270.75,0.0,22895.25,2025-06-06,Bengaluru,Cash on Delivery,customer1950@example.com
11302,CUST1927,Laptop Stand,Electronics,3.0,1219.93,0.0,3659.79,2025-10-27,Delhi,Debit Card,customer3940@example.com
10520,CUST1124,Bluetooth Speaker,Electronics,1.0,2914.22,5.0,1430.96,2025-09-17,Bengaluru,UPI,customer2567@example.com
11465,CUST1810,Cotton T-Shirt,Apparel,3.0,3549.93,0.0,10649.79,2025-05-12,Chennai,Net Banking,customer4025@example.com
11132,CUST1320,LED Lamp,Home & Kitchen,7.0,4136.93,0.0,28958.51,2025-02-14,Bengaluru,UPI,customer4307@example.com
10428,CUST1617,Cap,Apparel,7.0,2367.39,15.0,14085.97,2025-10-15,Chennai,Debit Card,customer1607@example.com
10290,CUST1354,Cotton T-Shirt,Apparel,7.0,3066.64,5.0,20393.16,2025-02-10,Hyderabad,UPI,customer6355@example.com
11286,CUST1372,Body Lotion,Beauty,1.0,468.04,0.0,468.04,2025-06-04,Mumbai,Net Banking,unknown@unknown.com
11532,CUST1698,USB-C Cable,Electronics,2.0,868.03,20.0,1388.85,2025-08-09,Delhi,Cash on Delivery,customer3427@example.com
11258,CUST1147,Skipping Rope,Sports,2.0,891.32,0.0,1782.64,2025-12-09,Chennai,Credit Card,customer9486@example.com
10402,CUST1691,Laptop Stand,Electronics,5.0,4675.28,20.0,18701.12,2026-01-19,Mumbai,Credit Card,customer2717@example.com
10155,CUST1120,Storage Box,Home & Kitchen,6.0,1627.29,5.0,9275.55,2025-10-11,Bengaluru,Net Banking,customer4568@example.com
11403,CUST1575,Coffee Maker,Home & Kitchen,4.0,4813.97,5.0,13719.81,2025-10-29,Delhi,Debit Card,customer1414@example.com
11220,CUST1495,Bluetooth Speaker,Electronics,1.0,930.28,10.0,837.25,2025-07-29,Hyderabad,Net Banking,customer6600@example.com
10296,CUST1783,Wool Sweater,Apparel,4.0,4113.62,20.0,13163.58,2025-06-05,Mumbai,Debit Card,customer7091@example.com
10973,CUST1223,Cricket Bat,Sports,1.0,5390.5,0.0,4581.92,2025-09-07,Mumbai,Debit Card,customer8635@example.com
10608,CUST1583,Coffee Maker,Home & Kitchen,4.0,816.7,0.0,3266.8,2025-12-15,Chennai,Credit Card,customer4861@example.com
10746,CUST1699,Bluetooth Speaker,Electronics,1.0,1828.05,0.0,1828.05,2025-11-03,Bengaluru,Credit Card,customer4133@example.com
10852,CUST1256,Cap,Apparel,2.0,5915.32,5.0,11239.11,2025-01-19,Hyderabad,UPI,customer3768@example.com
11776,CUST1147,Lip Balm,Beauty,3.0,2718.46,0.0,8155.38,2025-03-03,Delhi,Net Banking,customer8453@example.com
11234,CUST1857,Cricket Bat,Sports,6.0,1171.99,0.0,7031.94,2025-09-03,Hyderabad,UPI,customer9558@example.com
11054,CUST1516,USB-C Cable,Electronics,6.0,2914.22,15.0,22644.82,2025-03-07,Delhi,Net Banking,customer6213@example.com
10576,CUST1560,LED Lamp,Home & Kitchen,6.0,3526.71,20.0,16928.21,2025-03-31,Delhi,Net Banking,customer9624@example.com
10620,CUST1447,Webcam,Electronics,4.0,1637.42,20.0,7859.62,2025-12-07,Hyderabad,Debit Card,customer1604@example.com
10315,CUST1708,Wireless Mouse,Electronics,1.0,4125.37,10.0,3712.83,2025-03-09,Mumbai,Cash on Delivery,customer7242@example.com
11292,CUST1097,Denim Jacket,Apparel,2.0,5704.55,20.0,9127.28,2025-04-07,Hyderabad,Credit Card,customer8323@example.com
11551,CUST1186,Denim Jacket,Apparel,4.0,3158.81,20.0,10108.19,2025-06-22,Chennai,Credit Card,unknown@unknown.com
10427,CUST1609,Denim Jacket,Apparel,5.0,4113.01,20.0,16452.04,2025-01-03,Mumbai,Cash on Delivery,customer9069@example.com
11393,CUST1226,Laptop Stand,Electronics,1.0,3910.87,5.0,3715.33,2025-03-07,Chennai,Credit Card,customer4221@example.com
11625,CUST1131,Cotton T-Shirt,Apparel,5.0,3623.0,0.0,18115.0,2025-12-28,Bengaluru,UPI,customer1807@example.com
10594,CUST1821,Sunscreen SPF50,Beauty,5.0,965.78,0.0,4828.9,2025-03-13,Delhi,Net Banking,customer2425@example.com
11640,CUST1771,Sunscreen SPF50,Beauty,1.0,2933.97,0.0,350.04,2025-09-02,Chennai,Debit Card,customer2870@example.com
10491,CUST1084,Lip Balm,Beauty,4.0,5965.38,20.0,19089.22,2025-08-02,Chennai,Credit Card,customer4560@example.com
10522,CUST1294,Webcam,Electronics,1.0,2795.38,10.0,2515.84,2025-06-20,Mumbai,Debit Card,customer1918@example.com
10779,CUST1071,Wool Sweater,Apparel,7.0,916.44,20.0,5132.06,2025-05-12,Hyderabad,Debit Card,customer3402@example.com
10492,CUST1854,USB-C Cable,Electronics,6.0,4249.24,10.0,22945.9,2025-05-26,Delhi,UPI,customer5908@example.com
10423,CUST1674,LED Lamp,Home & Kitchen,4.0,4206.01,0.0,12618.03,2025-10-04,Chennai,Net Banking,unknown@unknown.com
11159,CUST1059,Laptop Stand,Electronics,1.0,535.68,20.0,428.54,2026-01-02,Delhi,Credit Card,customer2590@example.com
10673,CUST1992,Body Lotion,Beauty,4.0,2933.97,0.0,5235.08,2025-04-13,Hyderabad,Cash on Delivery,unknown@unknown.com
11683,CUST1049,LED Lamp,Home & Kitchen,4.0,2344.78,0.0,14068.68,2025-06-05,Mumbai,Credit Card,customer7292@example.com
10444,CUST1863,Running Shoes,Apparel,2.0,2761.69,5.0,5247.21,2025-09-30,Chennai,Credit Card,customer6002@example.com
11423,CUST1825,Sunscreen SPF50,Beauty,1.0,4799.17,0.0,4799.17,2025-09-30,Bengaluru,Debit Card,customer6207@example.com
10055,CUST1647,Hair Serum,Beauty,4.0,1772.68,5.0,6736.18,2025-03-31,Hyderabad,Net Banking,customer5964@example.com
11394,CUST1607,Webcam,Electronics,3.0,611.27,0.0,1833.81,2025-12-29,Bengaluru,UPI,unknown@unknown.com
11330,CUST1372,LED Lamp,Home & Kitchen,3.0,2466.74,0.0,7400.22,2025-03-15,Delhi,Debit Card,unknown@unknown.com
11469,CUST1700,Cap,Apparel,6.0,3173.28,15.0,16183.73,2025-04-23,Mumbai,Debit Card,customer6091@example.com
10949,CUST1298,Laptop Stand,Electronics,2.0,1792.15,10.0,3225.87,2025-07-17,Mumbai,Cash on Delivery,customer4464@example.com
10952,CUST1692,Yoga Mat,Sports,1.0,2295.81,0.0,2295.81,2025-09-10,Bengaluru,Net Banking,customer1319@example.com
10410,CUST1151,Denim Jacket,Apparel,2.0,4544.39,0.0,9088.78,2025-11-19,Bengaluru,UPI,customer1270@example.com
10013,CUST1639,Hair Serum,Beauty,6.0,1241.43,15.0,6331.29,2025-11-27,Chennai,Credit Card,customer8392@example.com
10847,CUST1768,Sunscreen SPF50,Beauty,5.0,4533.49,10.0,20400.7,2025-03-18,Mumbai,UPI,customer3787@example.com
10405,CUST1711,Skipping Rope,Sports,5.0,2010.59,0.0,10052.95,2025-11-06,Mumbai,UPI,customer7999@example.com
11164,CUST1958,Face Wash,Beauty,2.0,1970.06,0.0,3940.12,2025-09-12,Chennai,UPI,customer2516@example.com
10074,CUST1502,Yoga Mat,Sports,5.0,194.08,15.0,824.84,2025-03-11,Bengaluru,Credit Card,customer9434@example.com
10196,CUST1801,Denim Jacket,Apparel,4.0,4719.85,0.0,18879.4,2025-04-09,Chennai,Credit Card,customer1078@example.com
10400,CUST1886,Cushion Cover,Home & Kitchen,1.0,2877.85,10.0,2590.06,2025-09-29,Hyderabad,Credit Card,customer4357@example.com
10309,CUST1753,Face Wash,Beauty,3.0,4049.61,0.0,11541.39,2025-03-29,Delhi,Net Banking,customer3468@example.com
11238,CUST1188,Webcam,Electronics,7.0,2662.1,0.0,18634.7,2025-09-30,Mumbai,Net Banking,customer8222@example.com
10809,CUST1016,USB-C Cable,Electronics,6.0,2468.22,20.0,11847.46,2026-01-18,Chennai,UPI,customer2509@example.com
10772,CUST1375,USB-C Cable,Electronics,7.0,5012.79,0.0,35089.53,2025-02-26,Delhi,Cash on Delivery,customer4229@example.com
10992,CUST1798,Football,Sports,1.0,4566.0,0.0,4566.0,2025-01-11,Hyderabad,UPI,customer8851@example.com
10803,CUST1727,Wireless Mouse,Electronics,1.0,5698.29,5.0,5413.38,2025-03-10,Bengaluru,Credit Card,customer1671@example.com
10216,CUST1848,Cushion Cover,Home & Kitchen,6.0,291.52,15.0,1486.75,2025-07-17,Delhi,Cash on Delivery,customer2449@example.com
11269,CUST1331,Yoga Mat,Sports,3.0,4823.41,0.0,14470.23,2025-08-21,Mumbai,Credit Card,unknown@unknown.com
10164,CUST1604,Laptop Stand,Electronics,5.0,2467.61,0.0,12338.05,2025-11-12,Mumbai,Credit Card,customer7059@example.com
11569,CUST1706,Non-stick Pan,Home & Kitchen,7.0,3923.85,0.0,27466.95,2025-03-24,Delhi,Credit Card,customer8450@example.com
10894,CUST1325,Face Wash,Beauty,1.0,4015.26,20.0,3212.21,2025-04-05,Chennai,Cash on Delivery,customer8933@example.com
10560,CUST1179,Denim Jacket,Apparel,7.0,2877.58,0.0,20143.06,2025-02-26,Mumbai,Credit Card,customer7401@example.com
10980,CUST1761,Cricket Bat,Sports,6.0,762.86,20.0,3661.73,2025-09-08,Chennai,Net Banking,customer1557@example.com
11530,CUST1555,Football,Sports,3.0,5457.4,15.0,13916.37,2025-08-31,Bengaluru,Debit Card,unknown@unknown.com
10539,CUST1835,Yoga Mat,Sports,4.0,2474.04,0.0,8411.74,2025-05-17,Mumbai,Debit Card,customer3415@example.com
10714,CUST1905,LED Lamp,Home & Kitchen,7.0,5687.6,20.0,31850.56,2025-09-06,Delhi,UPI,customer5584@example.com
10889,CUST1034,Running Shoes,Apparel,5.0,4503.14,20.0,18012.56,2025-04-05,Chennai,UPI,customer2525@example.com
10281,CUST1183,Denim Jacket,Apparel,4.0,4286.46,0.0,17145.84,2025-01-13,Chennai,UPI,customer3951@example.com
10497,CUST1911,Face Wash,Beauty,6.0,3042.95,0.0,18257.7,2025-12-11,Hyderabad,UPI,customer8192@example.com
10312,CUST1752,Coffee Maker,Home & Kitchen,1.0,3043.85,10.0,2739.46,2025-11-23,Delhi,Cash on Delivery,customer8778@example.com
10132,CUST1917,Hair Serum,Beauty,3.0,546.85,0.0,1640.55,2025-12-01,Chennai,Credit Card,customer9213@example.com
10252,CUST1570,Wireless Mouse,Electronics,1.0,1814.69,0.0,1633.22,2025-11-03,Hyderabad,UPI,customer2517@example.com
11635,CUST1518,Webcam,Electronics,2.0,2794.25,10.0,5029.65,2025-04-29,Bengaluru,UPI,customer9542@example.com
10495,CUST1133,Laptop Stand,Electronics,2.0,1219.09,0.0,2438.18,2025-10-24,Bengaluru,Cash on Delivery,customer2677@example.com
11158,CUST1609,Body Lotion,Beauty,7.0,2933.97,0.0,2611819.0,2025-09-13,Delhi,Cash on Delivery,customer9637@example.com
11277,CUST1247,Laptop Stand,Electronics,7.0,4879.04,20.0,27322.62,2025-07-28,Hyderabad,UPI,customer8069@example.com
11016,CUST1786,Non-stick Pan,Home & Kitchen,3.0,1097.51,15.0,2798.65,2025-03-27,Hyderabad,Cash on Delivery,customer1521@example.com
10648,CUST1978,Coffee Maker,Home & Kitchen,4.0,4540.68,0.0,18162.72,2025-10-16,Mumbai,Debit Card,unknown@unknown.com
11507,CUST1955,Body Lotion,Beauty,1.0,1812.44,5.0,1721.82,2025-01-29,Mumbai,UPI,customer8646@example.com
10998,CUST1817,Denim Jacket,Apparel,4.0,5024.65,0.0,20098.6,2025-08-25,Delhi,Net Banking,customer5617@example.com
10585,CUST1261,Cricket Bat,Sports,4.0,5922.12,0.0,23688.48,2025-04-05,Bengaluru,UPI,customer9283@example.com
11722,CUST1932,Running Shoes,Apparel,4.0,3018.41,0.0,10617.36,2025-08-15,Bengaluru,Debit Card,customer7034@example.com
10825,CUST1386,Wireless Mouse,Electronics,2.0,5145.12,0.0,10290.24,2025-03-18,Hyderabad,Debit Card,customer4483@example.com
11740,CUST1335,Denim Jacket,Apparel,4.0,2450.71,0.0,9802.84,2025-11-23,Bengaluru,Debit Card,unknown@unknown.com
10360,CUST1540,Wireless Mouse,Electronics,5.0,553.92,0.0,2769.6,2025-07-26,Delhi,Debit Card,unknown@unknown.com
11411,CUST1729,Denim Jacket,Apparel,7.0,3742.57,10.0,23578.19,2026-01-11,Hyderabad,Net Banking,customer6012@example.com
11331,CUST1995,Wool Sweater,Apparel,6.0,3131.99,0.0,18791.94,2025-12-19,Bengaluru,Cash on Delivery,customer4656@example.com
10875,CUST1679,Laptop Stand,Electronics,3.0,5142.08,10.0,13883.62,2025-04-21,Delhi,Net Banking,customer7852@example.com
11754,CUST1252,Denim Jacket,Apparel,2.0,1699.85,5.0,3229.71,2025-11-10,Mumbai,Debit Card,customer5934@example.com
10240,CUST1353,Dumbbell Set,Sports,3.0,5457.09,0.0,16371.27,2025-01-04,Delhi,Net Banking,unknown@unknown.com
10351,CUST1745,Body Lotion,Beauty,4.0,1962.37,0.0,7849.48,2025-11-08,Bengaluru,Cash on Delivery,customer4927@example.com
11080,CUST1825,Wool Sweater,Apparel,4.0,2550.07,0.0,10200.28,2026-01-28,Hyderabad,Net Banking,customer5145@example.com
11095,CUST1763,Non-stick Pan,Home & Kitchen,6.0,5640.04,5.0,32148.23,2025-09-30,Mumbai,Cash on Delivery,customer8008@example.com
11397,CUST1777,Sunscreen SPF50,Beauty,1.0,5092.9,10.0,4583.61,2025-08-11,Delhi,UPI,customer5077@example.com
10706,CUST1879,Laptop Stand,Electronics,1.0,3857.46,0.0,3857.46,2025-07-23,Delhi,Net Banking,customer6481@example.com
11046,CUST1366,Sunscreen SPF50,Beauty,3.0,4855.27,15.0,12380.94,2025-09-12,Bengaluru,Cash on Delivery,customer6415@example.com
10660,CUST1926,Yoga Mat,Sports,3.0,5720.72,0.0,17162.16,2025-08-04,Hyderabad,Cash on Delivery,customer7363@example.com
10792,CUST1408,Hair Serum,Beauty,5.0,4713.49,5.0,22389.08,2025-11-26,Hyderabad,Debit Card,customer4160@example.com
10888,CUST1262,Cricket Bat,Sports,6.0,1723.96,0.0,10343.76,2025-01-12,Mumbai,Debit Card,customer4185@example.com
11422,CUST1075,Bluetooth Speaker,Electronics,7.0,5756.34,10.0,36264.94,2025-07-31,Chennai,Debit Card,customer7991@example.com
11207,CUST1751,LED Lamp,Home & Kitchen,5.0,1273.45,15.0,5412.16,2025-08-08,Hyderabad,Cash on Delivery,customer4881@example.com
10650,CUST1716,USB-C Cable,Electronics,6.0,1344.9,0.0,8069.4,2025-05-24,Mumbai,Credit Card,customer1752@example.com
10558,CUST1711,USB-C Cable,Electronics,3.0,519.17,0.0,1557.51,2025-04-30,Mumbai,Cash on Delivery,customer7200@example.com
11365,CUST1763,Non-stick Pan,Home & Kitchen,7.0,3853.67,0.0,26975.69,2025-07-19,Chennai,Credit Card,customer5840@example.com
10028,CUST1871,Coffee Maker,Home & Kitchen,6.0,2458.95,0.0,14753.7,2025-11-19,Bengaluru,Debit Card,customer8806@example.com
10426,CUST1102,Non-stick Pan,Home & Kitchen,7.0,5043.52,5.0,33539.41,2026-01-06,Hyderabad,UPI,customer3845@example.com
11544,CUST1757,LED Lamp,Home & Kitchen,4.0,2998.6,0.0,5997.2,2025-05-07,Mumbai,Credit Card,unknown@unknown.com
10639,CUST1111,Cap,Apparel,7.0,5470.95,5.0,36381.82,2025-02-27,Mumbai,Cash on Delivery,customer4936@example.com
11463,CUST1783,Bluetooth Speaker,Electronics,6.0,4094.28,10.0,22109.11,2025-04-22,Hyderabad,Net Banking,customer2238@example.com
11031,CUST1687,Storage Box,Home & Kitchen,1.0,5322.61,0.0,5322.61,2025-08-06,Hyderabad,Credit Card,customer1056@example.com
11145,CUST1802,Cap,Apparel,4.0,4912.0,0.0,19648.0,2025-05-25,Chennai,Credit Card,unknown@unknown.com
11038,CUST1309,Webcam,Electronics,6.0,1313.15,5.0,7484.96,2025-12-11,Chennai,Credit Card,customer4049@example.com
11196,CUST1626,Webcam,Electronics,1.0,374.79,0.0,374.79,2025-08-29,Chennai,Net Banking,customer6894@example.com
10496,CUST1883,Running Shoes,Apparel,3.0,2909.15,0.0,8727.45,2025-08-29,Hyderabad,UPI,customer3048@example.com
10598,CUST1195,Denim Jacket,Apparel,4.0,3206.61,0.0,12826.44,2025-01-17,Mumbai,Net Banking,unknown@unknown.com
10730,CUST1433,Coffee Maker,Home & Kitchen,6.0,1599.7,0.0,9598.2,2026-01-25,Bengaluru,Cash on Delivery,customer8001@example.com
11052,CUST1589,Cricket Bat,Sports,3.0,2597.54,0.0,7792.62,2025-11-25,Delhi,UPI,customer5316@example.com
10091,CUST1574,Yoga Mat,Sports,5.0,4846.69,0.0,24233.45,2025-10-18,Mumbai,UPI,customer8973@example.com
10051,CUST1057,Running Shoes,Apparel,2.0,1634.04,5.0,3104.68,2025-05-06,Delhi,Cash on Delivery,customer4072@example.com
10263,CUST1394,Lip Balm,Beauty,2.0,3175.85,5.0,6034.12,2025-05-06,Hyderabad,Cash on Delivery,customer1929@example.com
10712,CUST1823,Denim Jacket,Apparel,6.0,2667.51,20.0,12804.05,2025-02-15,Mumbai,UPI,customer9101@example.com
10393,CUST1427,Sunscreen SPF50,Beauty,5.0,3208.15,0.0,16040.75,2025-11-28,Delhi,Credit Card,customer1226@example.com
11059,CUST1829,Cotton T-Shirt,Apparel,6.0,1046.78,0.0,6280.68,2025-05-29,Hyderabad,Cash on Delivery,customer2032@example.com
10149,CUST1403,Laptop Stand,Electronics,7.0,5229.39,0.0,36605.73,2025-01-24,Bengaluru,Net Banking,customer4453@example.com
11598,CUST1096,Wool Sweater,Apparel,1.0,5921.3,0.0,5329.17,2025-09-11,Delhi,Cash on Delivery,customer3235@example.com
10391,CUST1438,Face Wash,Beauty,7.0,2838.57,0.0,19869.99,2025-11-09,Bengaluru,Credit Card,customer6208@example.com
11601,CUST1322,Wool Sweater,Apparel,4.0,5174.71,0.0,20698.84,2025-11-27,Mumbai,Cash on Delivery,customer6781@example.com
10079,CUST1955,USB-C Cable,Electronics,1.0,2190.88,10.0,1971.79,2025-11-14,Delhi,Cash on Delivery,customer9567@example.com
11353,CUST1365,Webcam,Electronics,1.0,195.67,15.0,166.32,2025-07-01,Hyderabad,Net Banking,customer6620@example.com
10919,CUST1242,Cotton T-Shirt,Apparel,4.0,385.93,15.0,1312.16,2025-10-21,Mumbai,UPI,customer7850@example.com
11202,CUST1855,Dumbbell Set,Sports,2.0,1174.93,15.0,1997.38,2025-09-03,Hyderabad,Credit Card,customer3377@example.com
10036,CUST1434,Skipping Rope,Sports,4.0,2604.66,0.0,10418.64,2025-05-24,Hyderabad,Cash on Delivery,customer6188@example.com
10828,CUST1771,Wireless Mouse,Electronics,2.0,4785.49,0.0,9570.98,2026-01-20,Hyderabad,Net Banking,customer1527@example.com
10007,CUST1791,Face Wash,Beauty,2.0,2423.76,20.0,3878.02,2025-02-22,Hyderabad,Net Banking,customer9571@example.com
10869,CUST1220,Running Shoes,Apparel,1.0,2073.33,0.0,2073.33,2025-04-20,Bengaluru,Net Banking,unknown@unknown.com
11011,CUST1205,Yoga Mat,Sports,2.0,1554.41,0.0,3108.82,2025-10-02,Bengaluru,UPI,customer1092@example.com
10324,CUST1634,Cotton T-Shirt,Apparel,4.0,3669.09,20.0,11741.09,2025-06-02,Bengaluru,Credit Card,customer6310@example.com
11476,CUST1273,Cap,Apparel,2.0,3292.65,20.0,5268.24,2025-12-27,Hyderabad,Credit Card,customer8056@example.com
11612,CUST1754,Skipping Rope,Sports,7.0,3021.3,10.0,13711.57,2025-03-17,Delhi,Credit Card,customer7008@example.com
11047,CUST1452,Hair Serum,Beauty,4.0,1140.59,0.0,4562.36,2025-09-11,Hyderabad,Debit Card,customer3666@example.com
11592,CUST1687,Wool Sweater,Apparel,1.0,3826.54,0.0,3826.54,2025-08-23,Delhi,Debit Card,customer3712@example.com
10453,CUST1103,Cushion Cover,Home & Kitchen,5.0,627.75,5.0,2981.81,2025-05-29,Delhi,Net Banking,customer8148@example.com
11028,CUST1951,Cricket Bat,Sports,4.0,2301.91,10.0,8286.88,2025-08-23,Bengaluru,Cash on Delivery,customer9730@example.com
11654,CUST1379,Yoga Mat,Sports,4.0,3683.51,0.0,14734.04,2025-07-17,Bengaluru,UPI,customer8088@example.com
10217,CUST1916,Coffee Maker,Home & Kitchen,5.0,2354.95,5.0,11186.01,2025-02-18,Delhi,Net Banking,customer4331@example.com
10978,CUST1477,Skipping Rope,Sports,4.0,437.58,10.0,1575.29,2025-12-22,Hyderabad,Net Banking,customer1530@example.com
10396,CUST1246,Cushion Cover,Home & Kitchen,5.0,5433.67,15.0,23093.1,2025-07-19,Mumbai,UPI,customer5482@example.com
11106,CUST1245,Face Wash,Beauty,7.0,338.17,0.0,2367.19,2025-04-30,Delhi,Cash on Delivery,customer9585@example.com
11662,CUST1509,Yoga Mat,Sports,4.0,2898.86,15.0,9856.12,2025-12-06,Bengaluru,UPI,customer6607@example.com
10504,CUST1196,Wool Sweater,Apparel,6.0,5617.08,0.0,33702.48,2025-06-28,Mumbai,Net Banking,customer3795@example.com
10734,CUST1371,Cotton T-Shirt,Apparel,7.0,2671.01,0.0,18697.07,2025-03-23,Mumbai,Net Banking,customer8833@example.com
10384,CUST1639,Lip Balm,Beauty,2.0,335.7,15.0,570.69,2025-07-28,Chennai,UPI,customer3566@example.com
10726,CUST1352,Body Lotion,Beauty,3.0,5564.66,0.0,16693.98,2025-10-02,Chennai,Net Banking,customer4273@example.com
10595,CUST1546,Lip Balm,Beauty,6.0,5222.3,20.0,25067.04,2025-06-28,Bengaluru,Net Banking,unknown@unknown.com
11360,CUST1536,Cricket Bat,Sports,7.0,2843.5,0.0,15923.6,2025-03-23,Hyderabad,Debit Card,customer2878@example.com
11200,CUST1043,Sunscreen SPF50,Beauty,3.0,4476.58,0.0,13429.74,2025-04-19,Mumbai,Net Banking,customer7642@example.com
11045,CUST1337,Lip Balm,Beauty,3.0,5876.31,0.0,17628.93,2025-09-22,Hyderabad,UPI,customer8319@example.com
10791,CUST1237,Cricket Bat,Sports,2.0,716.39,10.0,1289.5,2025-05-06,Mumbai,Net Banking,customer6392@example.com
11504,CUST1921,Hair Serum,Beauty,2.0,974.26,5.0,1851.09,2025-08-02,Bengaluru,Net Banking,customer3990@example.com
10206,CUST1018,Cushion Cover,Home & Kitchen,3.0,4499.03,20.0,10797.67,2025-04-28,Mumbai,Net Banking,customer8295@example.com
11050,CUST1427,Dumbbell Set,Sports,4.0,3021.3,0.0,5688.28,2025-09-26,Bengaluru,Cash on Delivery,customer2753@example.com
11274,CUST1640,Sunscreen SPF50,Beauty,2.0,860.84,0.0,1721.68,2025-12-01,Bengaluru,Cash on Delivery,customer6458@example.com
10760,CUST1252,Storage Box,Home & Kitchen,3.0,5075.6,0.0,15226.8,2025-11-27,Hyderabad,Debit Card,customer2293@example.com
11459,CUST1267,Football,Sports,1.0,1417.2,0.0,1417.2,2025-10-31,Mumbai,Debit Card,customer1978@example.com
11451,CUST1106,Denim Jacket,Apparel,6.0,3974.73,5.0,22655.96,2026-01-19,Mumbai,Cash on Delivery,customer2157@example.com
10986,CUST1826,Football,Sports,4.0,4449.65,0.0,17798.6,2025-04-05,Bengaluru,UPI,customer9176@example.com
10987,CUST1225,Cotton T-Shirt,Apparel,5.0,783.49,5.0,3721.58,2025-04-13,Chennai,Cash on Delivery,customer9711@example.com
11455,CUST1951,Cushion Cover,Home & Kitchen,1.0,4396.24,15.0,3736.8,2025-06-06,Delhi,UPI,customer9909@example.com
10664,CUST1686,Storage Box,Home & Kitchen,7.0,3571.85,10.0,22502.66,2025-07-04,Hyderabad,Cash on Delivery,customer2438@example.com
10679,CUST1459,Denim Jacket,Apparel,3.0,5962.43,20.0,14309.83,2025-12-30,Delhi,Net Banking,customer9266@example.com
11495,CUST1961,Cushion Cover,Home & Kitchen,6.0,411.56,0.0,2469.36,2025-07-27,Mumbai,Debit Card,customer8347@example.com
10575,CUST1865,Dumbbell Set,Sports,4.0,1485.74,5.0,5645.81,2025-03-10,Chennai,Debit Card,customer8952@example.com
11198,CUST1959,Cricket Bat,Sports,4.0,4296.06,20.0,13747.39,2025-02-10,Hyderabad,Credit Card,customer5299@example.com
10630,CUST1454,Cotton T-Shirt,Apparel,2.0,5691.7,0.0,11383.4,2026-01-18,Mumbai,Cash on Delivery,customer9867@example.com
10316,CUST1326,Sunscreen SPF50,Beauty,4.0,1802.6,20.0,5768.32,2025-10-30,Delhi,Cash on Delivery,customer5557@example.com
10743,CUST1643,Hair Serum,Beauty,2.0,214.43,5.0,407.42,2025-02-06,Mumbai,Debit Card,customer9023@example.com
11664,CUST1284,Yoga Mat,Sports,5.0,3428.98,0.0,17144.9,2026-01-22,Delhi,Net Banking,unknown@unknown.com
11675,CUST1852,Cushion Cover,Home & Kitchen,1.0,1070.43,0.0,1070.43,2025-04-29,Mumbai,Credit Card,customer2756@example.com
11638,CUST1687,Yoga Mat,Sports,3.0,5077.79,15.0,12948.36,2025-08-25,Chennai,Debit Card,customer9939@example.com
11510,CUST1294,USB-C Cable,Electronics,4.0,2968.65,0.0,2968.65,2025-05-27,Mumbai,Debit Card,customer7678@example.com
10027,CUST1190,Yoga Mat,Sports,4.0,3497.91,0.0,13991.64,2025-04-26,Hyderabad,Credit Card,customer4327@example.com
11464,CUST1264,Coffee Maker,Home & Kitchen,7.0,5040.64,15.0,29991.81,2026-07-01,Chennai,UPI,customer6319@example.com
11627,CUST1484,Yoga Mat,Sports,3.0,374.83,5.0,1068.27,2025-10-05,Bengaluru,Cash on Delivery,customer4055@example.com
11644,CUST1245,Yoga Mat,Sports,5.0,4455.92,5.0,21165.62,2025-08-04,Chennai,Net Banking,customer1276@example.com
10257,CUST1117,Running Shoes,Apparel,6.0,3652.35,0.0,21914.1,2025-02-20,Delhi,Net Banking,customer1770@example.com
11139,CUST1443,Skipping Rope,Sports,1.0,1634.72,15.0,1389.51,2025-02-05,Bengaluru,Cash on Delivery,customer4534@example.com
11181,CUST1488,Webcam,Electronics,2.0,3814.81,0.0,7629.62,2025-12-13,Delhi,Debit Card,customer3615@example.com
11508,CUST1939,Non-stick Pan,Home & Kitchen,2.0,241.3,0.0,482.6,2025-06-07,Hyderabad,Credit Card,customer2532@example.com
10189,CUST1262,Non-stick Pan,Home & Kitchen,4.0,586.58,15.0,1994.37,2026-01-06,Delhi,Credit Card,customer2638@example.com
10190,CUST1421,Webcam,Electronics,4.0,1941.58,5.0,7378.0,2025-05-04,Chennai,Net Banking,customer8870@example.com
10864,CUST1431,Lip Balm,Beauty,1.0,2115.28,5.0,2009.52,2025-01-25,Delhi,Net Banking,customer2189@example.com
10663,CUST1914,Wireless Mouse,Electronics,3.0,3942.3,10.0,10644.21,2025-01-13,Delhi,Credit Card,customer3418@example.com
10243,CUST1319,Storage Box,Home & Kitchen,1.0,3313.09,15.0,2816.13,2025-09-22,Hyderabad,Credit Card,customer2762@example.com
11702,CUST1173,USB-C Cable,Electronics,1.0,5748.95,15.0,4886.61,2025-04-11,Chennai,Cash on Delivery,customer6758@example.com
11474,CUST1782,Cap,Apparel,4.0,5226.8,0.0,20907.2,2025-08-06,Delhi,Cash on Delivery,customer8814@example.com
10689,CUST1871,Storage Box,Home & Kitchen,3.0,5836.66,5.0,16634.48,2026-01-30,Mumbai,Cash on Delivery,customer7598@example.com
10499,CUST1286,Skipping Rope,Sports,1.0,2645.02,0.0,2645.02,2025-08-02,Hyderabad,Credit Card,customer7899@example.com
10042,CUST1412,Non-stick Pan,Home & Kitchen,2.0,4203.41,10.0,7566.14,2025-03-16,Mumbai,Cash on Delivery,customer8164@example.com
10449,CUST1335,Skipping Rope,Sports,3.0,5119.26,0.0,15357.78,2025-02-10,Bengaluru,Credit Card,customer7155@example.com
10100,CUST1699,Webcam,Electronics,3.0,868.24,5.0,2474.48,2025-12-10,Delhi,Cash on Delivery,unknown@unknown.com
11212,CUST1843,Sunscreen SPF50,Beauty,4.0,4201.79,10.0,3781.61,2025-11-16,Chennai,Net Banking,customer3846@example.com
11182,CUST1192,Laptop Stand,Electronics,2.0,215.25,15.0,365.92,2025-09-07,Chennai,Debit Card,customer8802@example.com
10824,CUST1054,Wireless Mouse,Electronics,1.0,2304.53,10.0,2074.08,2026-01-31,Delhi,Credit Card,customer7468@example.com
10583,CUST1029,Cushion Cover,Home & Kitchen,7.0,4364.67,15.0,25969.79,2025-03-26,Bengaluru,Credit Card,customer4129@example.com
11414,CUST1215,Webcam,Electronics,6.0,4625.65,0.0,22203.12,2025-08-09,Hyderabad,UPI,customer1615@example.com
10485,CUST1991,Laptop Stand,Electronics,7.0,2087.21,0.0,14610.47,2025-08-20,Mumbai,Net Banking,customer1813@example.com
10721,CUST1362,Cushion Cover,Home & Kitchen,7.0,591.16,0.0,4138.12,2025-11-22,Mumbai,Debit Card,customer6906@example.com
10619,CUST1697,Cricket Bat,Sports,3.0,5235.71,15.0,13351.06,2025-03-31,Hyderabad,Credit Card,customer5551@example.com
11552,CUST1720,Webcam,Electronics,7.0,5207.26,10.0,32805.74,2025-11-02,Chennai,UPI,customer8378@example.com
10251,CUST1756,USB-C Cable,Electronics,2.0,2914.22,20.0,1251.12,2025-12-07,Chennai,Debit Card,customer6482@example.com
10437,CUST1836,Cricket Bat,Sports,1.0,1447.42,5.0,1375.05,2025-01-08,Bengaluru,Net Banking,unknown@unknown.com
10077,CUST1138,Face Wash,Beauty,6.0,4641.51,10.0,25064.15,2026-01-17,Mumbai,UPI,customer4744@example.com
11478,CUST1244,Cushion Cover,Home & Kitchen,2.0,5278.58,0.0,10557.16,2025-11-16,Chennai,Credit Card,customer8307@example.com
11006,CUST1855,Cap,Apparel,3.0,3309.17,0.0,9927.51,2025-10-31,Chennai,Net Banking,customer8470@example.com
10720,CUST1530,Cap,Apparel,4.0,5460.34,5.0,25936.62,2025-05-04,Hyderabad,Credit Card,customer4581@example.com
10517,CUST1339,Coffee Maker,Home & Kitchen,1.0,2789.91,15.0,2371.42,2025-04-03,Bengaluru,UPI,customer8951@example.com
10820,CUST1491,Cotton T-Shirt,Apparel,2.0,1222.92,0.0,1956.67,2025-02-28,Delhi,Cash on Delivery,customer7610@example.com
11018,CUST1938,Running Shoes,Apparel,4.0,3262.89,15.0,11093.83,2025-05-27,Chennai,Net Banking,customer1730@example.com
11241,CUST1628,Lip Balm,Beauty,5.0,1244.96,15.0,5291.08,2025-02-12,Chennai,Credit Card,customer6834@example.com
10686,CUST1308,Coffee Maker,Home & Kitchen,2.0,4765.33,15.0,8101.06,2025-08-25,Mumbai,Net Banking,customer7404@example.com
10873,CUST1194,Yoga Mat,Sports,3.0,3029.46,15.0,7725.12,2025-05-19,Chennai,Credit Card,customer5656@example.com
11246,CUST1662,Lip Balm,Beauty,5.0,2009.95,0.0,10049.75,2025-12-04,Hyderabad,Credit Card,customer3928@example.com
10440,CUST1652,Cap,Apparel,3.0,3571.31,20.0,8571.14,2025-03-02,Chennai,Cash on Delivery,unknown@unknown.com
11668,CUST1984,Coffee Maker,Home & Kitchen,7.0,819.62,0.0,5737.34,2025-11-30,Mumbai,Credit Card,customer8108@example.com
10832,CUST1489,Wireless Mouse,Electronics,6.0,508.12,5.0,2896.28,2025-08-21,Bengaluru,Net Banking,unknown@unknown.com
11343,CUST1984,Storage Box,Home & Kitchen,6.0,3730.49,10.0,20144.65,2025-01-09,Hyderabad,Credit Card,customer1473@example.com
10778,CUST1013,LED Lamp,Home & Kitchen,2.0,3019.13,0.0,6038.26,2026-01-21,Bengaluru,Debit Card,customer2423@example.com
10503,CUST1073,Skipping Rope,Sports,5.0,5175.8,5.0,24585.05,2025-02-06,Mumbai,Net Banking,unknown@unknown.com
11615,CUST1959,Cap,Apparel,7.0,1427.86,0.0,9995.02,2025-05-30,Hyderabad,Cash on Delivery,customer8210@example.com
11113,CUST1257,Storage Box,Home & Kitchen,3.0,2736.6,20.0,6567.84,2025-08-13,Mumbai,Net Banking,customer1974@example.com
11205,CUST1782,Hair Serum,Beauty,4.0,502.29,0.0,2009.16,2025-05-22,Mumbai,Debit Card,unknown@unknown.com
10201,CUST1780,Denim Jacket,Apparel,3.0,882.62,0.0,2647.86,2026-01-09,Hyderabad,Net Banking,customer9714@example.com
10350,CUST1241,Webcam,Electronics,2.0,562.38,5.0,1068.52,2025-01-21,Hyderabad,Net Banking,customer1802@example.com
11221,CUST1124,Dumbbell Set,Sports,1.0,4566.63,5.0,4338.3,2025-08-18,Bengaluru,Debit Card,customer5593@example.com
10840,CUST1575,USB-C Cable,Electronics,4.0,2914.22,0.0,15541.92,2025-08-17,Chennai,Cash on Delivery,unknown@unknown.com
11094,CUST1309,Dumbbell Set,Sports,3.0,2159.66,0.0,6478.98,2025-02-26,Bengaluru,Credit Card,customer7821@example.com
10636,CUST1073,Football,Sports,2.0,3504.58,0.0,7009.16,2025-02-01,Delhi,Cash on Delivery,customer9553@example.com
11458,CUST1870,Yoga Mat,Sports,1.0,3399.78,20.0,2719.82,2025-08-06,Chennai,UPI,customer7710@example.com
11332,CUST1887,LED Lamp,Home & Kitchen,4.0,2655.81,0.0,10623.24,2025-07-29,Bengaluru,Debit Card,unknown@unknown.com
10319,CUST1247,Wool Sweater,Apparel,1.0,3166.61,20.0,2533.29,2025-06-30,Delhi,Cash on Delivery,customer5958@example.com
11715,CUST1173,Body Lotion,Beauty,4.0,1336.62,15.0,4544.51,2025-09-20,Chennai,Debit Card,customer9963@example.com
11717,CUST1657,Laptop Stand,Electronics,6.0,4012.01,5.0,22868.46,2025-08-07,Delhi,Credit Card,customer1740@example.com
10582,CUST1452,Cap,Apparel,1.0,2821.87,10.0,2539.68,2025-08-19,Mumbai,UPI,unknown@unknown.com
10356,CUST1539,Denim Jacket,Apparel,2.0,3555.54,0.0,7111.08,2025-08-22,Chennai,UPI,customer4453@example.com
11185,CUST1168,Cap,Apparel,4.0,257.97,20.0,825.5,2026-01-03,Delhi,Debit Card,customer5297@example.com
11066,CUST1517,Dumbbell Set,Sports,7.0,5427.42,0.0,37991.94,2025-11-18,Mumbai,Net Banking,customer2922@example.com
10494,CUST1342,Yoga Mat,Sports,5.0,4449.9,10.0,20024.55,2025-06-26,Hyderabad,Cash on Delivery,customer2627@example.com
10941,CUST1924,Lip Balm,Beauty,3.0,4040.95,0.0,12122.85,2025-09-19,Mumbai,Cash on Delivery,customer9532@example.com
10724,CUST1597,Non-stick Pan,Home & Kitchen,2.0,1806.83,10.0,3252.29,2025-05-25,Hyderabad,Cash on Delivery,customer2699@example.com
10181,CUST1113,Hair Serum,Beauty,4.0,519.19,0.0,2076.76,2025-05-31,Mumbai,Cash on Delivery,customer3817@example.com
10245,CUST1660,Lip Balm,Beauty,2.0,5973.31,10.0,10751.96,2025-09-12,Delhi,Cash on Delivery,unknown@unknown.com
11629,CUST1370,Cotton T-Shirt,Apparel,5.0,5628.43,0.0,28142.15,2026-01-22,Delhi,UPI,customer2537@example.com
10275,CUST1839,Laptop Stand,Electronics,1.0,2719.03,0.0,2719.03,2025-12-18,Hyderabad,UPI,customer3490@example.com
11574,CUST1415,LED Lamp,Home & Kitchen,5.0,5034.48,0.0,25172.4,2025-05-25,Delhi,Cash on Delivery,customer7524@example.com
11148,CUST1998,Wool Sweater,Apparel,7.0,3719.54,0.0,26036.78,2025-06-24,Delhi,Credit Card,customer3291@example.com
11372,CUST1637,Webcam,Electronics,2.0,3487.78,10.0,6278.0,2025-08-03,Delhi,Cash on Delivery,customer8700@example.com
10221,CUST1638,Webcam,Electronics,3.0,1993.86,20.0,4785.26,2025-03-11,Chennai,UPI,customer2171@example.com
10235,CUST1875,Sunscreen SPF50,Beauty,1.0,4593.56,0.0,4593.56,2025-12-30,Delhi,Debit Card,customer1587@example.com
10035,CUST1801,Laptop Stand,Electronics,2.0,490.43,0.0,980.86,2025-08-27,Hyderabad,Cash on Delivery,customer4343@example.com
10086,CUST1129,Body Lotion,Beauty,4.0,2995.19,5.0,11381.72,2025-06-22,Hyderabad,UPI,customer1793@example.com
10747,CUST1559,Dumbbell Set,Sports,7.0,3021.3,0.0,10562.23,2025-02-05,Chennai,Net Banking,customer1818@example.com
10157,CUST1160,Yoga Mat,Sports,5.0,2795.36,0.0,13976.8,2025-11-21,Delhi,Net Banking,customer5585@example.com
11770,CUST1698,Body Lotion,Beauty,7.0,367.81,0.0,2574.67,2025-12-05,Bengaluru,Debit Card,customer1909@example.com
11206,CUST1229,Football,Sports,7.0,774.28,0.0,5419.96,2025-04-07,Bengaluru,Cash on Delivery,customer6587@example.com
11647,CUST1491,Wireless Mouse,Electronics,2.0,2730.69,20.0,4369.1,2025-07-24,Hyderabad,Cash on Delivery,customer6140@example.com
11074,CUST1143,Dumbbell Set,Sports,1.0,4953.04,0.0,4953.04,2025-09-19,Chennai,UPI,customer3050@example.com
11460,CUST1905,Cotton T-Shirt,Apparel,2.0,1547.73,0.0,3095.46,2025-08-30,Chennai,UPI,customer8392@example.com
10364,CUST1693,Body Lotion,Beauty,3.0,400.6,0.0,1201.8,2025-01-03,Delhi,UPI,customer6626@example.com
11651,CUST1151,Storage Box,Home & Kitchen,1.0,5073.98,0.0,5073.98,2025-08-17,Bengaluru,Credit Card,customer9064@example.com
11061,CUST1026,Cotton T-Shirt,Apparel,4.0,1590.68,20.0,5090.18,2025-04-17,Hyderabad,Cash on Delivery,customer9253@example.com
11701,CUST1229,Hair Serum,Beauty,1.0,1819.87,0.0,1819.87,2025-03-08,Mumbai,Cash on Delivery,unknown@unknown.com
10381,CUST1832,USB-C Cable,Electronics,2.0,3944.54,0.0,6705.72,2025-12-05,Bengaluru,Debit Card,customer8086@example.com
11742,CUST1573,Football,Sports,1.0,3772.08,15.0,3206.27,2025-09-19,Hyderabad,Net Banking,unknown@unknown.com
11275,CUST1556,Sunscreen SPF50,Beauty,7.0,3462.92,20.0,19392.35,2025-09-01,Bengaluru,Cash on Delivery,customer9830@example.com
10510,CUST1870,Cushion Cover,Home & Kitchen,5.0,5721.46,15.0,24316.2,2025-07-03,Mumbai,UPI,customer4183@example.com
10068,CUST1793,Sunscreen SPF50,Beauty,2.0,2933.97,10.0,1625.72,2025-03-14,Mumbai,UPI,customer3878@example.com
11707,CUST1105,Bluetooth Speaker,Electronics,6.0,702.63,0.0,4215.78,2025-09-21,Bengaluru,UPI,customer8298@example.com
11157,CUST1665,USB-C Cable,Electronics,4.0,5040.07,0.0,20160.28,2025-01-13,Mumbai,Net Banking,customer7512@example.com
11079,CUST1824,Football,Sports,1.0,2939.5,0.0,2939.5,2025-10-17,Delhi,UPI,unknown@unknown.com
11125,CUST1154,Wool Sweater,Apparel,5.0,5586.29,10.0,25138.3,2025-03-26,Hyderabad,Debit Card,customer4506@example.com
11787,CUST1576,Laptop Stand,Electronics,5.0,3293.53,0.0,16467.65,2025-11-27,Mumbai,Debit Card,customer9819@example.com
11007,CUST1266,Cap,Apparel,1.0,5299.45,0.0,4504.53,2025-07-24,Bengaluru,Debit Card,customer1759@example.com
10472,CUST1303,LED Lamp,Home & Kitchen,5.0,2323.55,0.0,11617.75,2025-08-02,Delhi,Credit Card,customer4715@example.com
11098,CUST1311,Laptop Stand,Electronics,4.0,616.47,10.0,2219.29,2025-12-01,Hyderabad,Debit Card,customer2841@example.com
10394,CUST1848,Wool Sweater,Apparel,6.0,4610.31,10.0,24895.67,2025-12-31,Delhi,UPI,customer2881@example.com
11195,CUST1126,USB-C Cable,Electronics,5.0,5133.25,0.0,25666.25,2025-09-27,Hyderabad,Cash on Delivery,unknown@unknown.com
11743,CUST1432,Storage Box,Home & Kitchen,7.0,462.49,5.0,3075.56,2025-05-20,Mumbai,Debit Card,unknown@unknown.com
11352,CUST1517,Wool Sweater,Apparel,5.0,930.37,20.0,3721.48,2025-11-08,Bengaluru,UPI,customer1064@example.com
11232,CUST1175,Cricket Bat,Sports,4.0,428.55,0.0,1714.2,2025-06-13,Hyderabad,Net Banking,customer9359@example.com
10348,CUST1865,Sunscreen SPF50,Beauty,7.0,994.67,5.0,6614.56,2025-01-18,Chennai,UPI,customer8352@example.com
10075,CUST1645,Football,Sports,3.0,3519.59,5.0,10030.83,2025-12-01,Mumbai,UPI,customer6560@example.com
10330,CUST1659,Cricket Bat,Sports,3.0,2469.84,0.0,7409.52,2025-03-30,Delhi,Debit Card,customer4093@example.com
11765,CUST1739,Running Shoes,Apparel,5.0,4345.54,20.0,17382.16,2025-05-11,Bengaluru,Debit Card,customer3765@example.com
11273,CUST1735,Wireless Mouse,Electronics,6.0,707.23,0.0,3819.04,2025-03-02,Chennai,Net Banking,customer5849@example.com
11607,CUST1475,Wireless Mouse,Electronics,5.0,5320.15,15.0,22610.64,2025-08-27,Chennai,Debit Card,customer3321@example.com
11093,CUST1076,Body Lotion,Beauty,2.0,3503.67,5.0,6656.97,2025-12-27,Mumbai,UPI,customer6707@example.com
10135,CUST1156,USB-C Cable,Electronics,7.0,5147.13,20.0,28823.93,2025-10-12,Hyderabad,Debit Card,customer4155@example.com
10104,CUST1127,Skipping Rope,Sports,3.0,1743.0,15.0,4444.65,2025-05-26,Mumbai,Credit Card,unknown@unknown.com
10010,CUST1612,Cricket Bat,Sports,3.0,3879.71,0.0,11639.13,2025-08-15,Chennai,Credit Card,customer2028@example.com
11656,CUST1866,Wool Sweater,Apparel,1.0,2292.87,0.0,2063.58,2025-05-19,Mumbai,Cash on Delivery,customer9455@example.com
10544,CUST1884,LED Lamp,Home & Kitchen,3.0,5113.56,5.0,14573.65,2025-12-22,Bengaluru,Cash on Delivery,customer7965@example.com
11315,CUST1047,Body Lotion,Beauty,3.0,912.42,0.0,2737.26,2025-08-17,Mumbai,Debit Card,customer5349@example.com
10011,CUST1460,Running Shoes,Apparel,2.0,4307.38,0.0,8614.76,2026-01-15,Bengaluru,Net Banking,unknown@unknown.com
11039,CUST1812,Skipping Rope,Sports,6.0,3649.37,15.0,18611.79,2025-05-14,Hyderabad,Debit Card,customer7412@example.com
10640,CUST1373,Hair Serum,Beauty,2.0,641.18,5.0,1218.24,2026-01-24,Hyderabad,Credit Card,customer8456@example.com
10925,CUST1552,Bluetooth Speaker,Electronics,6.0,1304.29,0.0,7825.74,2025-08-23,Bengaluru,Credit Card,customer6880@example.com
10827,CUST1455,Sunscreen SPF50,Beauty,5.0,574.56,0.0,2872.8,2025-05-05,Hyderabad,Debit Card,customer4012@example.com
11042,CUST1525,Body Lotion,Beauty,2.0,5827.85,0.0,11655.7,2025-06-30,Chennai,UPI,customer8433@example.com
11242,CUST1404,Webcam,Electronics,7.0,5425.19,20.0,30381.06,2025-06-07,Bengaluru,Credit Card,customer7724@example.com
10065,CUST1449,Laptop Stand,Electronics,2.0,2835.94,15.0,4821.1,2025-02-22,Chennai,UPI,customer2906@example.com
10285,CUST1785,Face Wash,Beauty,2.0,2933.97,10.0,271.42,2025-03-06,Bengaluru,Debit Card,customer7056@example.com
11071,CUST1372,Lip Balm,Beauty,7.0,2494.94,0.0,17464.58,2026-01-26,Delhi,UPI,customer4994@example.com
11509,CUST1085,Skipping Rope,Sports,1.0,676.42,0.0,676.42,2025-06-21,Bengaluru,Net Banking,customer9077@example.com
10617,CUST1969,Hair Serum,Beauty,6.0,536.42,0.0,3218.52,2026-01-22,Hyderabad,Cash on Delivery,customer4052@example.com
11336,CUST1590,Dumbbell Set,Sports,6.0,319.54,0.0,1917.24,2025-03-11,Chennai,Credit Card,customer6106@example.com
10371,CUST1621,LED Lamp,Home & Kitchen,5.0,2048.39,5.0,9729.85,2026-01-13,Hyderabad,Debit Card,customer4046@example.com
10977,CUST1434,Cushion Cover,Home & Kitchen,4.0,2440.01,10.0,2196.01,2026-01-19,Hyderabad,Debit Card,customer6055@example.com
10960,CUST1466,Running Shoes,Apparel,7.0,1188.27,0.0,8317.89,2025-02-15,Hyderabad,Net Banking,customer2334@example.com
11542,CUST1076,Cotton T-Shirt,Apparel,6.0,5073.4,0.0,30440.4,2026-01-16,Delhi,UPI,customer5494@example.com
10126,CUST1972,Cushion Cover,Home & Kitchen,5.0,3265.72,5.0,15512.17,2025-06-25,Mumbai,Credit Card,customer6233@example.com
11761,CUST1297,Wool Sweater,Apparel,5.0,3018.41,20.0,22090.88,2026-01-21,Chennai,Cash on Delivery,unknown@unknown.com
10408,CUST1896,Lip Balm,Beauty,4.0,1777.06,0.0,10662.36,2025-11-10,Mumbai,Credit Card,customer7603@example.com
10683,CUST1653,Denim Jacket,Apparel,7.0,1379.19,15.0,8206.18,2025-05-06,Hyderabad,UPI,customer6463@example.com
11563,CUST1419,USB-C Cable,Electronics,5.0,5241.87,20.0,20967.48,2025-07-23,Bengaluru,Debit Card,customer7104@example.com
11329,CUST1214,Cricket Bat,Sports,4.0,1543.84,15.0,3936.79,2025-04-06,Mumbai,Cash on Delivery,customer1938@example.com
11603,CUST1397,LED Lamp,Home & Kitchen,7.0,3213.61,0.0,22495.27,2025-10-31,Hyderabad,UPI,customer4276@example.com
11622,CUST1336,Cushion Cover,Home & Kitchen,6.0,3271.57,10.0,17666.48,2025-04-22,Mumbai,Cash on Delivery,customer8358@example.com
11180,CUST1216,Cushion Cover,Home & Kitchen,4.0,3313.09,20.0,1817.57,2026-01-01,Hyderabad,Debit Card,customer2792@example.com
11012,CUST1483,Cotton T-Shirt,Apparel,1.0,1157.34,10.0,1041.61,2025-11-05,Delhi,UPI,unknown@unknown.com
10542,CUST1530,Storage Box,Home & Kitchen,3.0,1987.16,20.0,4769.18,2025-09-04,Bengaluru,Credit Card,customer1153@example.com
10140,CUST1385,Face Wash,Beauty,6.0,1090.83,15.0,5563.23,2025-04-27,Mumbai,Cash on Delivery,customer5167@example.com
11090,CUST1824,Skipping Rope,Sports,4.0,1171.32,0.0,4685.28,2025-01-18,Hyderabad,Debit Card,customer7139@example.com
10261,CUST1359,LED Lamp,Home & Kitchen,1.0,3538.71,20.0,2830.97,2025-01-23,Mumbai,Debit Card,customer2141@example.com
10474,CUST1100,Denim Jacket,Apparel,4.0,2455.7,15.0,8349.38,2025-01-19,Hyderabad,Cash on Delivery,customer8928@example.com
10166,CUST1739,Laptop Stand,Electronics,5.0,2483.11,20.0,9932.44,2025-10-27,Hyderabad,Debit Card,customer7570@example.com
10846,CUST1287,Dumbbell Set,Sports,7.0,5245.16,10.0,33044.51,2025-03-18,Mumbai,Cash on Delivery,customer1209@example.com
10227,CUST1153,Running Shoes,Apparel,7.0,4749.73,10.0,29923.3,2025-01-20,Delhi,Cash on Delivery,customer2749@example.com
11184,CUST1676,Cotton T-Shirt,Apparel,3.0,1378.1,5.0,3927.58,2025-01-17,Bengaluru,Net Banking,unknown@unknown.com
10693,CUST1182,Cotton T-Shirt,Apparel,2.0,2798.61,0.0,5597.22,2025-08-24,Mumbai,Credit Card,customer8173@example.com
10861,CUST1844,Laptop Stand,Electronics,5.0,371.25,0.0,1856.25,2025-08-22,Bengaluru,Net Banking,customer6467@example.com
10307,CUST1885,Cushion Cover,Home & Kitchen,7.0,5528.42,20.0,30959.15,2025-12-24,Bengaluru,Net Banking,customer1882@example.com
11461,CUST1308,Lip Balm,Beauty,7.0,790.17,5.0,5254.63,2025-05-14,Mumbai,Credit Card,customer4034@example.com
11673,CUST1614,Wireless Mouse,Electronics,7.0,663.37,10.0,4179.23,2025-05-26,Mumbai,Cash on Delivery,customer2405@example.com
10483,CUST1665,Non-stick Pan,Home & Kitchen,1.0,5631.03,0.0,5631.03,2025-07-07,Bengaluru,Net Banking,unknown@unknown.com
11540,CUST1580,Bluetooth Speaker,Electronics,6.0,3972.59,0.0,23835.54,2025-07-16,Chennai,UPI,customer8073@example.com
11444,CUST1508,Wireless Mouse,Electronics,4.0,1209.22,0.0,4836.88,2025-08-16,Bengaluru,UPI,unknown@unknown.com
11692,CUST1501,Running Shoes,Apparel,1.0,3018.41,0.0,3789.86,2025-07-02,Delhi,Credit Card,customer1107@example.com
11543,CUST1344,Body Lotion,Beauty,5.0,2632.38,0.0,13161.9,2025-03-31,Delhi,Debit Card,customer4642@example.com
11489,CUST1062,Coffee Maker,Home & Kitchen,4.0,4718.46,15.0,16042.76,2025-09-12,Delhi,UPI,customer5166@example.com
11546,CUST1923,Denim Jacket,Apparel,3.0,1184.05,0.0,3552.15,2025-06-15,Hyderabad,Credit Card,customer9002@example.com
10321,CUST1168,LED Lamp,Home & Kitchen,6.0,5806.05,0.0,34836.3,2025-08-27,Chennai,Debit Card,customer9497@example.com
11523,CUST1399,Wool Sweater,Apparel,3.0,2867.52,15.0,7312.18,2025-04-15,Delhi,Debit Card,customer9428@example.com
11642,CUST1827,Sunscreen SPF50,Beauty,5.0,1086.75,15.0,4618.69,2026-01-31,Mumbai,Net Banking,customer2578@example.com
10755,CUST1877,Cotton T-Shirt,Apparel,2.0,858.76,15.0,1459.89,2025-07-20,Mumbai,Net Banking,customer8612@example.com
10018,CUST1770,Running Shoes,Apparel,3.0,1031.7,15.0,2630.84,2025-12-15,Bengaluru,Net Banking,customer7546@example.com
11004,CUST1699,Sunscreen SPF50,Beauty,7.0,3004.08,10.0,18925.7,2025-04-26,Hyderabad,Net Banking,customer5215@example.com
10431,CUST1250,Laptop Stand,Electronics,1.0,4008.11,0.0,4008.11,2025-04-23,Chennai,Debit Card,customer2106@example.com
11340,CUST1644,Storage Box,Home & Kitchen,2.0,4856.52,0.0,9713.04,2026-01-28,Mumbai,Debit Card,customer1660@example.com
11797,CUST1748,Non-stick Pan,Home & Kitchen,5.0,1295.34,5.0,6152.86,2026-01-31,Mumbai,Debit Card,customer1554@example.com
11687,CUST1156,Body Lotion,Beauty,2.0,2690.88,0.0,5381.76,2025-07-27,Mumbai,UPI,customer2897@example.com
11243,CUST1035,Non-stick Pan,Home & Kitchen,7.0,3732.03,15.0,22205.58,2025-12-01,Delhi,Cash on Delivery,customer4613@example.com
11339,CUST1579,Storage Box,Home & Kitchen,5.0,5936.09,15.0,25228.38,2025-01-22,Delhi,Credit Card,customer2002@example.com
10208,CUST1730,Denim Jacket,Apparel,5.0,1968.93,0.0,8367.95,2025-08-19,Delhi,Cash on Delivery,customer3547@example.com
10238,CUST1123,Running Shoes,Apparel,6.0,4137.77,0.0,24826.62,2025-05-28,Chennai,UPI,customer7659@example.com
11767,CUST1076,Yoga Mat,Sports,1.0,5925.8,0.0,5036.93,2025-10-28,Bengaluru,Debit Card,unknown@unknown.com
10786,CUST1753,Cotton T-Shirt,Apparel,2.0,2950.41,0.0,5900.82,2025-11-23,Bengaluru,UPI,customer1364@example.com
11522,CUST1367,Hair Serum,Beauty,3.0,4879.8,10.0,13175.46,2025-01-25,Mumbai,Net Banking,customer4749@example.com
10346,CUST1618,USB-C Cable,Electronics,1.0,4658.84,0.0,4658.84,2026-01-25,Delhi,Net Banking,customer3912@example.com
10963,CUST1578,Laptop Stand,Electronics,2.0,220.61,15.0,375.04,2025-03-31,Mumbai,Net Banking,customer1976@example.com
11088,CUST1590,Face Wash,Beauty,7.0,476.05,15.0,2832.5,2025-02-16,Mumbai,Debit Card,customer1455@example.com
11308,CUST1256,Cap,Apparel,6.0,4788.54,0.0,28731.24,2025-08-07,Chennai,Cash on Delivery,customer7175@example.com
11623,CUST1813,Dumbbell Set,Sports,5.0,1619.01,10.0,7285.54,2025-06-29,Mumbai,Debit Card,customer1962@example.com
11595,CUST1541,Sunscreen SPF50,Beauty,2.0,5999.37,0.0,11998.74,2025-11-23,Hyderabad,Cash on Delivery,customer8670@example.com
10341,CUST1841,Face Wash,Beauty,6.0,3760.91,15.0,19180.64,2025-05-25,Hyderabad,Debit Card,customer4490@example.com
11005,CUST1576,Lip Balm,Beauty,2.0,1251.95,0.0,2503.9,2025-12-31,Mumbai,Cash on Delivery,customer1246@example.com
10458,CUST1128,Storage Box,Home & Kitchen,2.0,4902.97,10.0,8825.35,2025-04-21,Delhi,Net Banking,customer8493@example.com
10176,CUST1641,USB-C Cable,Electronics,5.0,3760.36,0.0,18801.8,2025-11-12,Bengaluru,UPI,customer5255@example.com
10550,CUST1356,Cricket Bat,Sports,3.0,2139.03,10.0,5775.38,2025-04-17,Delhi,Cash on Delivery,customer7666@example.com
11617,CUST1233,Non-stick Pan,Home & Kitchen,7.0,3945.02,0.0,27615.14,2025-10-01,Chennai,Cash on Delivery,unknown@unknown.com
10301,CUST1338,Wool Sweater,Apparel,1.0,5392.04,0.0,5392.04,2025-10-28,Mumbai,Net Banking,customer6102@example.com
11124,CUST1524,Laptop Stand,Electronics,4.0,5117.42,20.0,16375.74,2025-12-27,Delhi,Credit Card,customer4299@example.com
10460,CUST1475,LED Lamp,Home & Kitchen,5.0,4715.03,5.0,22396.39,2025-03-27,Hyderabad,Cash on Delivery,customer6162@example.com
10943,CUST1468,Storage Box,Home & Kitchen,4.0,1102.24,15.0,3747.62,2025-04-29,Hyderabad,Debit Card,customer7127@example.com
10161,CUST1303,Laptop Stand,Electronics,7.0,3663.57,15.0,21798.24,2025-02-22,Bengaluru,Net Banking,customer5033@example.com
11029,CUST1898,Sunscreen SPF50,Beauty,2.0,5325.35,10.0,9585.63,2025-03-23,Delhi,UPI,customer7406@example.com
11643,CUST1339,Denim Jacket,Apparel,6.0,3113.34,10.0,16812.04,2026-01-01,Bengaluru,Cash on Delivery,customer9800@example.com
11514,CUST1724,Cotton T-Shirt,Apparel,6.0,1446.73,5.0,8246.36,2025-04-10,Hyderabad,Credit Card,customer1087@example.com
10475,CUST1422,Cotton T-Shirt,Apparel,6.0,4886.6,15.0,24921.66,2025-04-06,Mumbai,Net Banking,customer2184@example.com
11396,CUST1921,Yoga Mat,Sports,2.0,2554.59,0.0,5109.18,2025-11-16,Hyderabad,Cash on Delivery,customer2184@example.com
10188,CUST1381,LED Lamp,Home & Kitchen,2.0,4717.46,0.0,9434.92,2025-10-05,Mumbai,Credit Card,customer6078@example.com
11109,CUST1320,Laptop Stand,Electronics,5.0,733.43,0.0,3667.15,2025-04-18,Hyderabad,UPI,customer4770@example.com
10464,CUST1719,Lip Balm,Beauty,6.0,5481.33,10.0,29599.18,2025-03-29,Delhi,Cash on Delivery,customer5213@example.com
10006,CUST1555,Sunscreen SPF50,Beauty,5.0,3471.05,20.0,13884.2,2025-06-08,Mumbai,Net Banking,customer8629@example.com
10842,CUST1753,Bluetooth Speaker,Electronics,3.0,5051.56,20.0,12123.74,2025-04-04,Delhi,UPI,customer2589@example.com
11260,CUST1328,Wool Sweater,Apparel,5.0,4101.42,0.0,20507.1,2025-09-20,Bengaluru,Net Banking,customer4412@example.com
10327,CUST1191,Non-stick Pan,Home & Kitchen,7.0,4403.28,10.0,27740.66,2025-07-02,Bengaluru,Debit Card,unknown@unknown.com
11091,CUST1464,Yoga Mat,Sports,1.0,2327.63,0.0,2327.63,2025-07-06,Chennai,Cash on Delivery,customer7834@example.com
11154,CUST1868,Yoga Mat,Sports,5.0,3215.36,10.0,14469.12,2025-05-22,Mumbai,UPI,customer6558@example.com
10137,CUST1161,Webcam,Electronics,2.0,1974.92,5.0,3752.35,2025-01-15,Delhi,Credit Card,customer9984@example.com
11407,CUST1288,Cricket Bat,Sports,7.0,4526.32,15.0,26931.6,2026-01-16,Hyderabad,Debit Card,unknown@unknown.com
11581,CUST1632,Dumbbell Set,Sports,4.0,4028.87,20.0,12892.38,2026-01-18,Delhi,Credit Card,customer9307@example.com
10893,CUST1696,Denim Jacket,Apparel,7.0,3573.39,0.0,25013.73,2025-04-03,Chennai,Credit Card,customer6745@example.com
10060,CUST1144,Cushion Cover,Home & Kitchen,2.0,4397.81,0.0,8795.62,2025-03-24,Hyderabad,Credit Card,customer5780@example.com
10014,CUST1258,Wireless Mouse,Electronics,4.0,2648.58,10.0,9534.89,2025-08-21,Delhi,Cash on Delivery,customer1663@example.com
10695,CUST1753,USB-C Cable,Electronics,5.0,5717.46,15.0,24299.2,2025-03-25,Mumbai,Debit Card,unknown@unknown.com
10388,CUST1906,Lip Balm,Beauty,4.0,4591.86,20.0,14693.95,2025-12-26,Hyderabad,Cash on Delivery,customer1861@example.com
10524,CUST1520,Face Wash,Beauty,5.0,5198.1,10.0,23391.45,2025-11-30,Chennai,Debit Card,customer8602@example.com
11265,CUST1703,Sunscreen SPF50,Beauty,4.0,5235.64,20.0,16754.05,2025-10-11,Hyderabad,Net Banking,customer1016@example.com
10604,CUST1614,LED Lamp,Home & Kitchen,4.0,4924.14,10.0,17726.9,2025-03-25,Delhi,Credit Card,customer9684@example.com
10843,CUST1228,Cotton T-Shirt,Apparel,2.0,2096.24,20.0,3353.98,2025-08-05,Hyderabad,Credit Card,customer4683@example.com
10323,CUST1442,Yoga Mat,Sports,2.0,2574.65,0.0,5149.3,2025-02-01,Delhi,Credit Card,customer4722@example.com
11146,CUST1004,Cricket Bat,Sports,4.0,5857.29,5.0,22257.7,2025-09-04,Hyderabad,Debit Card,customer8155@example.com
11760,CUST1258,Skipping Rope,Sports,1.0,2107.79,5.0,2002.4,2025-01-05,Chennai,Debit Card,unknown@unknown.com
11014,CUST1088,Cotton T-Shirt,Apparel,1.0,1477.28,10.0,1329.55,2025-09-14,Delhi,Net Banking,customer1521@example.com
11354,CUST1009,Running Shoes,Apparel,4.0,4694.46,0.0,18777.84,2025-11-17,Chennai,Credit Card,customer6397@example.com
11513,CUST1357,USB-C Cable,Electronics,1.0,1969.62,0.0,1969.62,2025-02-28,Chennai,Debit Card,customer2375@example.com
11203,CUST1982,Running Shoes,Apparel,7.0,4832.11,0.0,33824.77,2025-10-25,Mumbai,Net Banking,customer4076@example.com
10555,CUST1308,Laptop Stand,Electronics,2.0,2536.15,0.0,5072.3,2025-04-05,Bengaluru,Net Banking,customer6127@example.com
10831,CUST1166,Cricket Bat,Sports,3.0,1463.81,0.0,4391.43,2025-03-26,Bengaluru,Cash on Delivery,customer6640@example.com
10456,CUST1789,Lip Balm,Beauty,6.0,3159.6,20.0,15166.08,2025-04-05,Hyderabad,Net Banking,unknown@unknown.com
10308,CUST1847,Cricket Bat,Sports,3.0,5670.65,0.0,17011.95,2025-02-09,Hyderabad,Cash on Delivery,customer3409@example.com
10073,CUST1691,Cotton T-Shirt,Apparel,1.0,896.34,10.0,806.71,2025-01-06,Chennai,UPI,customer1876@example.com
10258,CUST1349,Lip Balm,Beauty,6.0,5429.35,0.0,32576.1,2026-04-02,Hyderabad,Credit Card,customer3466@example.com
11291,CUST1147,Wool Sweater,Apparel,5.0,412.87,20.0,1651.48,2025-01-19,Bengaluru,Net Banking,customer4526@example.com
10003,CUST1957,Coffee Maker,Home & Kitchen,4.0,5846.47,15.0,34786.5,2025-06-24,Chennai,Net Banking,customer2528@example.com
11484,CUST1072,Skipping Rope,Sports,4.0,2419.96,15.0,4113.93,2025-07-09,Bengaluru,Debit Card,customer4354@example.com
10505,CUST1105,Webcam,Electronics,2.0,5796.48,20.0,9274.37,2025-08-08,Mumbai,Debit Card,customer3933@example.com
11060,CUST1817,Body Lotion,Beauty,1.0,3017.8,10.0,2716.02,2025-12-01,Mumbai,Debit Card,customer7822@example.com
10930,CUST1374,Storage Box,Home & Kitchen,7.0,1761.43,10.0,11097.01,2025-06-19,Delhi,Cash on Delivery,customer9691@example.com
11440,CUST1958,Wireless Mouse,Electronics,5.0,4553.84,5.0,21630.74,2025-05-26,Bengaluru,Net Banking,customer4903@example.com
10480,CUST1395,LED Lamp,Home & Kitchen,7.0,1333.42,0.0,9333.94,2025-06-01,Mumbai,Cash on Delivery,customer4138@example.com
11337,CUST1038,Dumbbell Set,Sports,6.0,5731.81,20.0,27512.69,2025-04-10,Bengaluru,Debit Card,customer7956@example.com
10910,CUST1250,Cricket Bat,Sports,1.0,1134.32,0.0,1134.32,2025-02-28,Bengaluru,Net Banking,customer9910@example.com
10118,CUST1747,Storage Box,Home & Kitchen,5.0,4638.05,15.0,19711.71,2025-09-02,Mumbai,Net Banking,customer5361@example.com
11179,CUST1727,Wireless Mouse,Electronics,1.0,2817.11,10.0,2535.4,2025-05-26,Mumbai,Debit Card,unknown@unknown.com
11747,CUST1960,Body Lotion,Beauty,6.0,3596.83,0.0,21580.98,2025-05-18,Bengaluru,Cash on Delivery,customer6600@example.com
11030,CUST1220,Cotton T-Shirt,Apparel,1.0,3251.18,10.0,2926.06,2026-01-24,Delhi,Debit Card,customer7765@example.com
10467,CUST1684,Face Wash,Beauty,6.0,2792.68,5.0,15918.28,2025-03-04,Delhi,Credit Card,customer1946@example.com
11470,CUST1317,Skipping Rope,Sports,5.0,3021.3,5.0,13483.26,2025-03-06,Chennai,Debit Card,customer9632@example.com
11072,CUST1597,Football,Sports,5.0,5210.62,15.0,22145.14,2025-01-18,Bengaluru,Cash on Delivery,customer7321@example.com
10446,CUST1530,Body Lotion,Beauty,2.0,4780.06,5.0,9082.11,2025-04-18,Mumbai,Cash on Delivery,customer8498@example.com
11036,CUST1180,Wool Sweater,Apparel,2.0,4039.08,20.0,6462.53,2025-08-01,Delhi,Credit Card,customer7746@example.com
10777,CUST1208,Bluetooth Speaker,Electronics,1.0,4176.08,15.0,3549.67,2025-09-14,Bengaluru,Cash on Delivery,customer9808@example.com
10605,CUST1258,Body Lotion,Beauty,6.0,1064.72,10.0,5749.49,2025-02-04,Mumbai,UPI,customer3886@example.com
10569,CUST1615,Cushion Cover,Home & Kitchen,5.0,1340.68,20.0,5362.72,2025-03-09,Delhi,Debit Card,customer9075@example.com
11231,CUST1271,Laptop Stand,Electronics,7.0,5195.07,0.0,36365.49,2025-05-29,Delhi,Debit Card,customer6906@example.com
10085,CUST1117,Laptop Stand,Electronics,3.0,4610.38,0.0,13831.14,2025-12-19,Mumbai,Net Banking,customer7359@example.com
11556,CUST1379,Dumbbell Set,Sports,3.0,3902.47,15.0,9951.3,2025-05-29,Delhi,Net Banking,customer7423@example.com
11714,CUST1064,Denim Jacket,Apparel,7.0,4635.03,0.0,32445.21,2025-07-21,Hyderabad,Cash on Delivery,customer6136@example.com
10756,CUST1508,Football,Sports,7.0,2676.72,0.0,18737.04,2025-10-02,Mumbai,Cash on Delivery,unknown@unknown.com
11316,CUST1937,Skipping Rope,Sports,6.0,1184.29,15.0,6039.88,2026-02-01,Bengaluru,UPI,customer7360@example.com
10152,CUST1317,Wool Sweater,Apparel,5.0,1208.72,15.0,5137.06,2025-02-10,Mumbai,Credit Card,customer4155@example.com
11467,CUST1303,Wool Sweater,Apparel,5.0,4772.47,0.0,20283.0,2025-05-16,Mumbai,UPI,customer1981@example.com
11130,CUST1106,Cotton T-Shirt,Apparel,4.0,1756.25,0.0,7025.0,2025-10-27,Mumbai,Credit Card,customer8635@example.com
10389,CUST1100,Sunscreen SPF50,Beauty,5.0,2228.62,10.0,10028.79,2025-05-02,Chennai,Debit Card,customer7079@example.com
10732,CUST1424,Running Shoes,Apparel,1.0,959.63,10.0,863.67,2025-05-26,Chennai,Credit Card,customer6406@example.com
10173,CUST1654,Sunscreen SPF50,Beauty,1.0,1417.93,15.0,1205.24,2025-10-20,Bengaluru,Debit Card,customer2100@example.com
11498,CUST1690,Bluetooth Speaker,Electronics,4.0,5647.94,0.0,22591.76,2025-09-29,Chennai,Net Banking,customer9826@example.com
10531,CUST1799,Denim Jacket,Apparel,4.0,2766.13,15.0,9404.84,2025-05-30,Hyderabad,Cash on Delivery,customer4129@example.com
11167,CUST1235,Wool Sweater,Apparel,3.0,1738.54,5.0,4954.84,2025-02-15,Hyderabad,Net Banking,customer3567@example.com
10766,CUST1351,Dumbbell Set,Sports,5.0,5222.84,5.0,24808.49,2025-05-23,Bengaluru,UPI,customer4374@example.com
10736,CUST1452,Sunscreen SPF50,Beauty,1.0,912.36,15.0,775.51,2025-10-19,Bengaluru,Cash on Delivery,customer2231@example.com
11447,CUST1579,Cotton T-Shirt,Apparel,5.0,468.96,0.0,2344.8,2025-12-31,Hyderabad,Cash on Delivery,customer1543@example.com
11319,CUST1929,Dumbbell Set,Sports,6.0,265.43,0.0,1592.58,2025-02-22,Hyderabad,Cash on Delivery,customer6769@example.com
11527,CUST1822,Non-stick Pan,Home & Kitchen,2.0,3562.98,0.0,7125.96,2025-08-01,Hyderabad,Net Banking,customer4042@example.com
10375,CUST1399,Dumbbell Set,Sports,3.0,5986.13,20.0,14366.71,2025-05-23,Delhi,UPI,customer3964@example.com
11550,CUST1526,Yoga Mat,Sports,6.0,1317.59,10.0,7114.99,2025-08-26,Bengaluru,Credit Card,customer7705@example.com
10710,CUST1790,Coffee Maker,Home & Kitchen,4.0,3163.87,15.0,10757.16,2025-05-13,Bengaluru,Cash on Delivery,customer1975@example.com
10938,CUST1076,Bluetooth Speaker,Electronics,5.0,1060.54,15.0,4507.3,2025-10-28,Hyderabad,Net Banking,customer7668@example.com
11720,CUST1455,Coffee Maker,Home & Kitchen,5.0,3625.83,0.0,18129.15,2025-08-11,Delhi,Cash on Delivery,customer5568@example.com
11075,CUST1254,Body Lotion,Beauty,7.0,3686.98,0.0,25808.86,2025-11-25,Delhi,Net Banking,customer6291@example.com
11362,CUST1030,Storage Box,Home & Kitchen,7.0,1251.83,0.0,8762.81,2025-01-19,Bengaluru,UPI,customer2984@example.com
10671,CUST1382,Cricket Bat,Sports,5.0,4703.81,10.0,21167.15,2025-08-10,Delhi,UPI,customer2447@example.com
10033,CUST1866,Body Lotion,Beauty,4.0,5075.83,15.0,17257.82,2025-02-16,Chennai,Cash on Delivery,customer5465@example.com
10239,CUST1653,Cotton T-Shirt,Apparel,5.0,344.16,10.0,1548.72,2025-10-29,Hyderabad,Cash on Delivery,customer2787@example.com
10128,CUST1666,Cricket Bat,Sports,2.0,4230.21,5.0,8037.4,2025-07-10,Hyderabad,Cash on Delivery,customer1556@example.com
10355,CUST1637,Football,Sports,6.0,1886.2,0.0,11317.2,2025-07-28,Mumbai,UPI,customer8117@example.com
10165,CUST1002,Running Shoes,Apparel,6.0,1135.4,0.0,6812.4,2025-09-22,Delhi,Debit Card,customer2177@example.com
11288,CUST1689,Yoga Mat,Sports,1.0,995.18,0.0,995.18,2025-05-25,Hyderabad,UPI,customer8504@example.com
10493,CUST1049,Sunscreen SPF50,Beauty,3.0,4990.87,0.0,14972.61,2025-05-15,Delhi,UPI,customer5340@example.com
10473,CUST1692,Coffee Maker,Home & Kitchen,4.0,5507.36,0.0,22029.44,2025-03-31,Chennai,Credit Card,customer1441@example.com
11661,CUST1781,Laptop Stand,Electronics,4.0,1469.19,15.0,4995.25,2025-05-18,Chennai,Debit Card,customer3792@example.com
11691,CUST1470,Webcam,Electronics,2.0,2128.53,15.0,3618.5,2025-06-12,Chennai,Cash on Delivery,customer2783@example.com
11390,CUST1508,Cushion Cover,Home & Kitchen,3.0,1517.09,0.0,4551.27,2025-08-06,Delhi,Debit Card,customer6176@example.com
11580,CUST1163,Cap,Apparel,5.0,4886.05,0.0,24430.25,2025-06-06,Hyderabad,Credit Card,customer2199@example.com
10090,CUST1419,USB-C Cable,Electronics,5.0,812.44,0.0,4062.2,2025-04-20,Bengaluru,Cash on Delivery,customer8112@example.com
11655,CUST1657,Non-stick Pan,Home & Kitchen,7.0,4177.12,10.0,26315.86,2025-08-04,Bengaluru,Credit Card,customer7382@example.com
10098,CUST1603,Cushion Cover,Home & Kitchen,3.0,4829.51,0.0,14488.53,2025-04-07,Bengaluru,UPI,customer3143@example.com
11067,CUST1469,Wireless Mouse,Electronics,3.0,427.98,0.0,1283.94,2025-11-12,Mumbai,Cash on Delivery,customer1594@example.com
11024,CUST1847,Yoga Mat,Sports,4.0,3021.3,20.0,1478.53,2025-11-22,Chennai,Cash on Delivery,customer8485@example.com
11583,CUST1935,Football,Sports,6.0,2820.59,0.0,16923.54,2025-12-05,Mumbai,Cash on Delivery,unknown@unknown.com
10450,CUST1787,Laptop Stand,Electronics,1.0,230.04,0.0,230.04,2025-06-25,Mumbai,UPI,customer2409@example.com
10551,CUST1386,Coffee Maker,Home & Kitchen,5.0,4283.63,0.0,21418.15,2025-09-28,Hyderabad,Debit Card,unknown@unknown.com
10219,CUST1219,Face Wash,Beauty,4.0,228.41,0.0,913.64,2025-12-08,Chennai,Net Banking,customer9461@example.com
10179,CUST1907,Bluetooth Speaker,Electronics,4.0,4957.57,0.0,19830.28,2026-02-04,Bengaluru,Net Banking,customer7770@example.com
10434,CUST1447,Cushion Cover,Home & Kitchen,7.0,5697.27,20.0,31904.71,2025-07-28,Hyderabad,Net Banking,customer7197@example.com
10568,CUST1220,Laptop Stand,Electronics,5.0,4220.4,10.0,18991.8,2025-05-31,Delhi,Cash on Delivery,customer2008@example.com
11511,CUST1317,Cap,Apparel,1.0,5199.32,5.0,4939.35,2025-04-23,Mumbai,Credit Card,customer5356@example.com
10742,CUST1327,Cushion Cover,Home & Kitchen,2.0,3636.97,15.0,6182.85,2025-03-03,Hyderabad,Debit Card,customer1238@example.com
11751,CUST1720,Wool Sweater,Apparel,5.0,2217.38,10.0,9978.21,2025-12-06,Mumbai,Net Banking,customer9826@example.com
10484,CUST1845,Cushion Cover,Home & Kitchen,6.0,424.79,10.0,2293.87,2025-12-02,Delhi,Net Banking,customer2342@example.com
11419,CUST1815,Webcam,Electronics,7.0,1050.02,0.0,7350.14,2025-09-25,Bengaluru,Credit Card,customer3154@example.com
11505,CUST1508,USB-C Cable,Electronics,7.0,5626.03,5.0,37413.1,2025-07-31,Hyderabad,Cash on Delivery,unknown@unknown.com
10438,CUST1910,Cap,Apparel,5.0,3031.33,10.0,13640.98,2025-07-14,Chennai,Net Banking,customer8954@example.com
10781,CUST1010,Body Lotion,Beauty,3.0,1891.42,10.0,5106.83,2025-03-29,Chennai,Debit Card,customer8464@example.com
10549,CUST1355,Lip Balm,Beauty,6.0,5629.84,15.0,28712.18,2025-11-07,Mumbai,Net Banking,customer6365@example.com
10854,CUST1985,Running Shoes,Apparel,6.0,4041.85,5.0,23038.54,2025-02-25,Delhi,Credit Card,customer2473@example.com
11086,CUST1268,Face Wash,Beauty,5.0,5973.77,5.0,28375.41,2025-08-26,Hyderabad,Credit Card,customer7229@example.com
11705,CUST1374,Webcam,Electronics,2.0,5404.82,0.0,10809.64,2025-09-29,Mumbai,Debit Card,customer8717@example.com
10783,CUST1275,Laptop Stand,Electronics,7.0,5989.67,0.0,41927.69,2025-02-23,Hyderabad,Debit Card,customer4567@example.com
11531,CUST1368,Wireless Mouse,Electronics,6.0,254.12,0.0,1524.72,2025-08-09,Mumbai,Net Banking,customer6839@example.com
11163,CUST1420,Body Lotion,Beauty,2.0,168.57,0.0,337.14,2026-10-01,Bengaluru,UPI,customer2519@example.com
11326,CUST1153,Cricket Bat,Sports,6.0,5765.03,15.0,29401.65,2025-07-26,Hyderabad,Credit Card,customer4839@example.com
11008,CUST1649,Face Wash,Beauty,4.0,3280.45,20.0,10497.44,2025-11-04,Bengaluru,UPI,customer6273@example.com
11219,CUST1806,Coffee Maker,Home & Kitchen,5.0,1666.47,0.0,8332.35,2025-06-11,Chennai,Cash on Delivery,customer9512@example.com
11378,CUST1577,Denim Jacket,Apparel,3.0,528.92,15.0,1348.75,2025-02-24,Mumbai,Cash on Delivery,customer9833@example.com
10674,CUST1542,Cotton T-Shirt,Apparel,6.0,5265.23,20.0,25273.1,2025-05-02,Mumbai,Debit Card,customer4513@example.com
10837,CUST1808,Dumbbell Set,Sports,1.0,3202.89,5.0,3042.75,2025-01-06,Hyderabad,Debit Card,customer5784@example.com
10687,CUST1281,Wireless Mouse,Electronics,7.0,1047.47,20.0,5865.83,2025-06-24,Mumbai,Net Banking,customer7054@example.com
11282,CUST1117,Cap,Apparel,6.0,2269.04,20.0,10891.39,2025-11-16,Bengaluru,Credit Card,customer9102@example.com
10652,CUST1945,Wool Sweater,Apparel,3.0,3876.95,20.0,9304.68,2025-04-14,Delhi,Credit Card,unknown@unknown.com
10818,CUST1299,Cushion Cover,Home & Kitchen,4.0,3328.92,0.0,13315.68,2025-04-23,Chennai,Cash on Delivery,customer4139@example.com
10753,CUST1715,Coffee Maker,Home & Kitchen,2.0,4894.96,0.0,9789.92,2026-02-04,Mumbai,Debit Card,customer7028@example.com
10122,CUST1887,Running Shoes,Apparel,1.0,2396.93,0.0,2396.93,2025-09-16,Mumbai,Cash on Delivery,customer2913@example.com
10700,CUST1779,Dumbbell Set,Sports,4.0,1261.12,10.0,4540.03,2025-10-13,Bengaluru,Net Banking,customer6534@example.com
10877,CUST1493,Wireless Mouse,Electronics,5.0,5440.63,15.0,23122.68,2025-06-21,Mumbai,Cash on Delivery,unknown@unknown.com
11388,CUST1040,USB-C Cable,Electronics,3.0,3043.62,20.0,7304.69,2025-06-06,Bengaluru,UPI,customer3551@example.com
11041,CUST1949,Non-stick Pan,Home & Kitchen,4.0,3520.07,5.0,13376.27,2026-01-09,Hyderabad,Debit Card,customer5798@example.com
11089,CUST1473,Skipping Rope,Sports,1.0,2293.99,15.0,1949.89,2025-09-01,Hyderabad,Cash on Delivery,customer6773@example.com
10579,CUST1587,Non-stick Pan,Home & Kitchen,4.0,5198.31,5.0,34568.76,2025-11-01,Mumbai,Net Banking,customer8211@example.com
10856,CUST1455,Webcam,Electronics,4.0,5367.15,20.0,17174.88,2025-06-25,Mumbai,Net Banking,unknown@unknown.com
11324,CUST1230,Dumbbell Set,Sports,7.0,2524.44,15.0,15020.42,2025-11-16,Hyderabad,Credit Card,customer8797@example.com
10039,CUST1907,Cotton T-Shirt,Apparel,3.0,3576.79,5.0,10193.85,2025-06-01,Chennai,Credit Card,customer5000@example.com
10032,CUST1443,Denim Jacket,Apparel,6.0,368.49,20.0,1768.75,2025-02-23,Bengaluru,Net Banking,customer4051@example.com
11334,CUST1978,Cotton T-Shirt,Apparel,2.0,452.57,0.0,905.14,2025-04-02,Bengaluru,Debit Card,customer3021@example.com
10107,CUST1793,Wool Sweater,Apparel,5.0,1228.57,5.0,5835.71,2026-01-06,Delhi,UPI,customer8679@example.com
10024,CUST1032,Webcam,Electronics,7.0,2293.84,0.0,16056.88,2025-05-08,Chennai,Cash on Delivery,unknown@unknown.com
10711,CUST1330,Storage Box,Home & Kitchen,5.0,1309.51,0.0,6547.55,2025-06-11,Delhi,UPI,unknown@unknown.com
10070,CUST1622,Cap,Apparel,3.0,364.6,20.0,875.04,2025-01-03,Mumbai,Cash on Delivery,unknown@unknown.com
11712,CUST1943,Running Shoes,Apparel,7.0,3160.14,20.0,17696.78,2025-12-30,Chennai,UPI,customer1803@example.com
11120,CUST1276,Football,Sports,1.0,5345.91,5.0,5078.61,2025-07-15,Chennai,Cash on Delivery,customer1805@example.com
11681,CUST1258,Denim Jacket,Apparel,4.0,2271.56,0.0,4543.12,2025-10-09,Delhi,Net Banking,customer9787@example.com
11128,CUST1796,Running Shoes,Apparel,5.0,5795.43,15.0,24630.58,2026-01-08,Hyderabad,UPI,customer9172@example.com
11099,CUST1603,Cotton T-Shirt,Apparel,2.0,3252.04,5.0,6178.88,2025-12-28,Mumbai,Debit Card,customer2942@example.com
11730,CUST1522,Non-stick Pan,Home & Kitchen,4.0,4141.04,15.0,14079.54,2025-08-22,Bengaluru,UPI,customer1744@example.com
11688,CUST1919,Laptop Stand,Electronics,1.0,4471.68,0.0,4471.68,2025-11-30,Bengaluru,Credit Card,customer3825@example.com
11149,CUST1718,Hair Serum,Beauty,4.0,3389.97,0.0,13559.88,2025-01-23,Chennai,UPI,customer8526@example.com
10266,CUST1868,Dumbbell Set,Sports,5.0,5037.56,0.0,25187.8,2025-05-04,Hyderabad,Net Banking,customer1785@example.com
11249,CUST1858,Bluetooth Speaker,Electronics,7.0,3672.3,20.0,20564.88,2025-02-22,Delhi,Credit Card,customer7385@example.com
11017,CUST1997,Wireless Mouse,Electronics,3.0,172.04,0.0,516.12,2025-04-22,Hyderabad,Cash on Delivery,customer9619@example.com
11135,CUST1836,Bluetooth Speaker,Electronics,1.0,4053.2,0.0,4053.2,2025-11-24,Chennai,UPI,customer8434@example.com
11065,CUST1932,Cap,Apparel,7.0,3254.89,10.0,20505.81,2025-02-22,Delhi,Debit Card,unknown@unknown.com
10277,CUST1733,Football,Sports,3.0,2100.43,15.0,5356.1,2025-02-26,Mumbai,Debit Card,customer3841@example.com
10810,CUST1643,Cricket Bat,Sports,6.0,3406.59,0.0,20439.54,2025-02-04,Delhi,Debit Card,customer4960@example.com
10340,CUST1816,Webcam,Electronics,5.0,3820.8,0.0,18148.8,2025-01-07,Chennai,Credit Card,customer8817@example.com
11436,CUST1753,Wool Sweater,Apparel,1.0,2293.77,20.0,1835.02,2025-07-27,Chennai,Debit Card,customer6495@example.com
10946,CUST1427,Storage Box,Home & Kitchen,7.0,4845.0,5.0,32219.25,2025-08-09,Chennai,Cash on Delivery,customer9554@example.com
11453,CUST1247,Yoga Mat,Sports,3.0,747.71,0.0,2243.13,2026-01-25,Mumbai,Net Banking,customer1440@example.com
10186,CUST1078,Webcam,Electronics,5.0,862.31,0.0,4311.55,2025-01-25,Hyderabad,Net Banking,customer8967@example.com
10799,CUST1877,Cotton T-Shirt,Apparel,1.0,5142.37,0.0,5142.37,2025-02-11,Chennai,Credit Card,customer4747@example.com
10931,CUST1195,Skipping Rope,Sports,6.0,3131.88,0.0,18791.28,2026-01-20,Mumbai,UPI,customer1726@example.com
10745,CUST1070,Non-stick Pan,Home & Kitchen,6.0,1831.3,0.0,10987.8,2025-08-03,Hyderabad,Credit Card,customer4034@example.com
10979,CUST1341,Denim Jacket,Apparel,2.0,3967.79,10.0,7142.02,2025-06-26,Bengaluru,Credit Card,customer7189@example.com
10062,CUST1762,Coffee Maker,Home & Kitchen,4.0,4925.86,10.0,17733.1,2025-08-10,Chennai,Cash on Delivery,customer7996@example.com
10798,CUST1710,USB-C Cable,Electronics,2.0,4559.03,15.0,7750.35,2025-11-16,Mumbai,UPI,customer9282@example.com
11298,CUST1392,Wireless Mouse,Electronics,7.0,2095.99,15.0,12471.14,2025-03-07,Mumbai,UPI,customer2772@example.com
11537,CUST1799,Non-stick Pan,Home & Kitchen,2.0,3963.41,15.0,6737.8,2025-05-21,Hyderabad,Net Banking,customer2258@example.com
11723,CUST1804,Body Lotion,Beauty,6.0,5307.1,10.0,28658.34,2025-07-30,Chennai,Net Banking,customer8675@example.com
10194,CUST1732,Sunscreen SPF50,Beauty,2.0,1574.35,0.0,3148.7,2025-08-21,Chennai,Debit Card,customer7164@example.com
10647,CUST1718,USB-C Cable,Electronics,3.0,4346.63,10.0,11735.9,2025-11-27,Chennai,Debit Card,customer7170@example.com
10034,CUST1057,Sunscreen SPF50,Beauty,7.0,4801.84,0.0,33612.88,2025-02-04,Delhi,Debit Card,customer9308@example.com
11430,CUST1903,Hair Serum,Beauty,2.0,5002.52,5.0,9504.79,2025-03-18,Bengaluru,Cash on Delivery,customer3155@example.com
10801,CUST1966,Wool Sweater,Apparel,4.0,2026.17,0.0,8104.68,2025-03-05,Mumbai,Debit Card,customer4988@example.com
10058,CUST1281,Wireless Mouse,Electronics,1.0,5925.57,0.0,5925.57,2025-07-12,Mumbai,UPI,customer5784@example.com
10939,CUST1587,Storage Box,Home & Kitchen,5.0,685.18,0.0,3425.9,2026-01-13,Hyderabad,Credit Card,customer4495@example.com
11287,CUST1562,Coffee Maker,Home & Kitchen,4.0,1412.28,0.0,5649.12,2025-04-12,Bengaluru,UPI,customer8810@example.com
10359,CUST1304,Skipping Rope,Sports,5.0,3146.87,10.0,14160.92,2025-10-09,Mumbai,Credit Card,customer1192@example.com
11070,CUST1333,Cotton T-Shirt,Apparel,5.0,2716.13,20.0,10864.52,2025-02-11,Delhi,UPI,customer8619@example.com
10069,CUST1691,Yoga Mat,Sports,1.0,5229.56,0.0,5229.56,2025-09-10,Mumbai,Debit Card,customer9150@example.com
10292,CUST1904,Non-stick Pan,Home & Kitchen,5.0,4115.21,0.0,18518.44,2025-06-11,Chennai,Net Banking,customer8170@example.com
10047,CUST1132,Skipping Rope,Sports,6.0,5849.35,20.0,28076.88,2025-05-02,Mumbai,UPI,unknown@unknown.com
10924,CUST1583,Cap,Apparel,7.0,4554.97,15.0,27102.07,2025-04-18,Bengaluru,UPI,customer8283@example.com
10278,CUST1548,USB-C Cable,Electronics,5.0,2149.43,0.0,10747.15,2026-02-03,Bengaluru,Net Banking,customer8295@example.com
10225,CUST1965,Running Shoes,Apparel,1.0,4781.44,0.0,4781.44,2025-04-08,Bengaluru,Cash on Delivery,customer2537@example.com
10865,CUST1717,Yoga Mat,Sports,6.0,3693.34,0.0,22160.04,2026-01-17,Delhi,Debit Card,customer6644@example.com
10382,CUST1042,Webcam,Electronics,1.0,262.0,20.0,209.6,2025-02-28,Mumbai,Net Banking,customer8389@example.com
11387,CUST1285,Skipping Rope,Sports,4.0,5427.84,15.0,18454.66,2025-04-11,Bengaluru,Credit Card,customer2445@example.com
10365,CUST1897,Hair Serum,Beauty,3.0,3991.87,0.0,11975.61,2025-08-23,Delhi,Credit Card,customer1670@example.com
10974,CUST1773,Cotton T-Shirt,Apparel,3.0,2938.23,5.0,8373.96,2025-08-20,Mumbai,Net Banking,customer3180@example.com
11025,CUST1567,Bluetooth Speaker,Electronics,6.0,4433.96,5.0,25273.57,2025-02-13,Bengaluru,Debit Card,customer7540@example.com
10774,CUST1704,Lip Balm,Beauty,1.0,5380.97,15.0,4573.82,2025-04-10,Delhi,Credit Card,customer1652@example.com
11272,CUST1817,Yoga Mat,Sports,5.0,4162.25,20.0,16649.0,2025-11-06,Mumbai,UPI,customer4767@example.com
10067,CUST1533,LED Lamp,Home & Kitchen,4.0,1138.27,0.0,4553.08,2025-11-13,Hyderabad,Cash on Delivery,customer7376@example.com
11204,CUST1524,Laptop Stand,Electronics,3.0,5076.67,20.0,12184.01,2025-11-27,Hyderabad,Debit Card,customer8282@example.com
11056,CUST1113,Cotton T-Shirt,Apparel,1.0,5362.32,0.0,5362.32,2025-09-28,Mumbai,Debit Card,customer7208@example.com
10868,CUST1881,Cap,Apparel,4.0,2503.31,5.0,9512.58,2025-07-21,Chennai,Credit Card,customer9326@example.com
10029,CUST1245,Coffee Maker,Home & Kitchen,1.0,2036.92,0.0,2036.92,2025-10-26,Mumbai,Debit Card,customer3806@example.com
10295,CUST1779,Sunscreen SPF50,Beauty,7.0,3033.26,15.0,18047.9,2025-01-17,Delhi,Cash on Delivery,customer9931@example.com
10114,CUST1726,Dumbbell Set,Sports,3.0,4426.49,0.0,13279.47,2025-11-11,Hyderabad,Net Banking,customer4042@example.com
10246,CUST1976,Webcam,Electronics,1.0,3222.65,5.0,3061.52,2025-02-04,Hyderabad,Credit Card,customer8468@example.com
11023,CUST1505,Cotton T-Shirt,Apparel,5.0,1884.18,10.0,8478.81,2025-11-16,Mumbai,Cash on Delivery,customer5486@example.com
11186,CUST1436,Wool Sweater,Apparel,1.0,1816.5,15.0,1544.02,2025-09-10,Hyderabad,Cash on Delivery,customer2620@example.com
10981,CUST1843,Cushion Cover,Home & Kitchen,5.0,2794.46,20.0,11177.84,2025-11-29,Delhi,UPI,customer5666@example.com
10412,CUST1432,Wireless Mouse,Electronics,2.0,1230.1,10.0,2214.18,2025-06-12,Mumbai,Cash on Delivery,customer3341@example.com
11371,CUST1608,Sunscreen SPF50,Beauty,3.0,741.58,0.0,2224.74,2025-08-28,Bengaluru,Cash on Delivery,customer2540@example.com
10117,CUST1738,Cotton T-Shirt,Apparel,6.0,3752.8,0.0,22516.8,2025-07-11,Hyderabad,UPI,customer4810@example.com
11778,CUST1756,Storage Box,Home & Kitchen,4.0,4978.67,15.0,21159.35,2025-12-31,Chennai,Net Banking,customer8280@example.com
11798,CUST1787,Non-stick Pan,Home & Kitchen,6.0,1982.95,0.0,11897.7,2025-05-05,Mumbai,Net Banking,customer2404@example.com
10248,CUST1853,Storage Box,Home & Kitchen,6.0,759.72,5.0,4330.4,2025-08-03,Chennai,Debit Card,unknown@unknown.com
10666,CUST1506,Face Wash,Beauty,2.0,243.13,10.0,437.63,2025-07-07,Mumbai,Net Banking,unknown@unknown.com
11424,CUST1623,Non-stick Pan,Home & Kitchen,4.0,3435.78,20.0,5497.25,2025-08-18,Delhi,Net Banking,customer7833@example.com
10093,CUST1665,Body Lotion,Beauty,7.0,2270.0,0.0,15890.0,2025-05-30,Bengaluru,Credit Card,unknown@unknown.com
10115,CUST1994,Running Shoes,Apparel,6.0,3920.6,20.0,18818.88,2025-06-01,Mumbai,Debit Card,customer1130@example.com
10255,CUST1638,Yoga Mat,Sports,2.0,4166.55,5.0,7916.44,2025-10-06,Chennai,UPI,unknown@unknown.com
10430,CUST1533,Face Wash,Beauty,6.0,1383.68,0.0,7056.77,2025-10-18,Bengaluru,Cash on Delivery,customer6634@example.com
10589,CUST1611,Face Wash,Beauty,2.0,290.64,20.0,465.02,2025-03-03,Bengaluru,Debit Card,customer6492@example.com
11576,CUST1762,Non-stick Pan,Home & Kitchen,2.0,4055.5,0.0,8111.0,2025-03-29,Bengaluru,Cash on Delivery,customer2982@example.com
10119,CUST1375,Laptop Stand,Electronics,4.0,4433.79,0.0,4433.79,2025-05-22,Hyderabad,Cash on Delivery,customer8832@example.com
10133,CUST1675,Running Shoes,Apparel,7.0,5248.49,10.0,33065.49,2025-07-23,Mumbai,Cash on Delivery,unknown@unknown.com
11794,CUST1029,Laptop Stand,Electronics,2.0,3679.27,15.0,6254.76,2025-02-04,Bengaluru,Debit Card,customer7777@example.com
10247,CUST1532,Hair Serum,Beauty,4.0,2143.77,10.0,7717.57,2025-08-20,Bengaluru,Credit Card,customer4740@example.com
11290,CUST1409,Bluetooth Speaker,Electronics,7.0,4416.21,15.0,26276.45,2025-08-24,Chennai,Cash on Delivery,customer3379@example.com
10776,CUST1536,Storage Box,Home & Kitchen,5.0,5981.33,20.0,23925.32,2025-12-06,Mumbai,UPI,customer6439@example.com
10553,CUST1882,Sunscreen SPF50,Beauty,1.0,4956.6,0.0,4956.6,2025-08-11,Bengaluru,Debit Card,customer6204@example.com
11114,CUST1123,Bluetooth Speaker,Electronics,1.0,4580.18,20.0,3664.14,2025-10-15,Chennai,Net Banking,customer2120@example.com
11217,CUST1590,Laptop Stand,Electronics,2.0,2842.91,5.0,5401.53,2025-07-12,Delhi,UPI,customer8851@example.com
11519,CUST1064,Skipping Rope,Sports,2.0,3021.3,0.0,9826.26,2025-05-20,Bengaluru,Cash on Delivery,customer4271@example.com
11395,CUST1328,Dumbbell Set,Sports,7.0,4892.39,10.0,30822.06,2025-06-18,Bengaluru,Net Banking,customer4975@example.com
11305,CUST1596,Body Lotion,Beauty,4.0,3991.83,20.0,12773.86,2025-07-02,Chennai,Debit Card,customer1454@example.com
11171,CUST1091,Skipping Rope,Sports,5.0,969.38,10.0,4362.21,2025-04-17,Mumbai,Net Banking,customer1831@example.com
11143,CUST1037,Wool Sweater,Apparel,1.0,5752.33,0.0,5752.33,2025-03-19,Delhi,Net Banking,customer6413@example.com
11711,CUST1621,Non-stick Pan,Home & Kitchen,3.0,5939.88,10.0,16037.68,2025-12-04,Bengaluru,Cash on Delivery,customer1411@example.com
10534,CUST1582,LED Lamp,Home & Kitchen,1.0,1004.22,0.0,1004.22,2025-05-31,Hyderabad,Debit Card,customer4114@example.com
10863,CUST1678,Cricket Bat,Sports,2.0,3841.55,0.0,7683.1,2025-08-14,Delhi,Cash on Delivery,customer3018@example.com
11314,CUST1157,LED Lamp,Home & Kitchen,6.0,4712.78,20.0,22621.34,2026-01-11,Delhi,Cash on Delivery,customer7218@example.com
11366,CUST1943,Cricket Bat,Sports,3.0,5119.45,10.0,13822.52,2026-01-04,Hyderabad,Debit Card,customer2213@example.com
10898,CUST1792,Bluetooth Speaker,Electronics,7.0,4123.08,0.0,28861.56,2025-11-20,Hyderabad,Credit Card,customer6731@example.com
11323,CUST1964,Lip Balm,Beauty,7.0,2660.22,15.0,15828.31,2025-09-16,Hyderabad,Net Banking,customer3954@example.com
11289,CUST1008,Coffee Maker,Home & Kitchen,2.0,619.85,0.0,1239.7,2025-12-17,Bengaluru,Cash on Delivery,customer3042@example.com
10677,CUST1618,Storage Box,Home & Kitchen,7.0,2349.43,10.0,14801.41,2025-04-24,Delhi,Net Banking,customer9405@example.com
10501,CUST1657,Non-stick Pan,Home & Kitchen,5.0,4286.04,5.0,20358.69,2025-03-20,Chennai,Cash on Delivery,customer7915@example.com
11107,CUST1360,Running Shoes,Apparel,2.0,198.11,0.0,396.22,2026-02-04,Chennai,UPI,customer3453@example.com
11605,CUST1574,LED Lamp,Home & Kitchen,2.0,5486.37,10.0,9875.47,2025-09-22,Chennai,Debit Card,customer5139@example.com
11368,CUST1426,Wireless Mouse,Electronics,1.0,5290.99,0.0,5290.99,2025-02-20,Chennai,Net Banking,customer3758@example.com
10601,CUST1535,Cushion Cover,Home & Kitchen,5.0,193.24,0.0,966.2,2025-10-04,Mumbai,UPI,customer5354@example.com
10876,CUST1444,Football,Sports,7.0,863.05,10.0,5437.21,2025-01-29,Bengaluru,Credit Card,customer5008@example.com
10274,CUST1081,LED Lamp,Home & Kitchen,1.0,2269.27,0.0,2269.27,2025-08-07,Mumbai,Cash on Delivery,unknown@unknown.com
10685,CUST1906,Hair Serum,Beauty,4.0,5737.12,20.0,18358.78,2025-11-06,Bengaluru,Net Banking,customer4867@example.com
11134,CUST1501,Storage Box,Home & Kitchen,1.0,3567.97,0.0,3567.97,2025-01-01,Mumbai,Debit Card,customer9014@example.com
10372,CUST1539,Football,Sports,4.0,4675.93,5.0,17768.53,2025-06-10,Chennai,Cash on Delivery,customer5500@example.com
10272,CUST1394,Running Shoes,Apparel,6.0,2832.03,10.0,15292.96,2025-09-03,Hyderabad,Net Banking,customer2960@example.com
10606,CUST1236,Dumbbell Set,Sports,3.0,4329.59,20.0,10391.02,2025-03-16,Mumbai,Credit Card,customer7559@example.com
11254,CUST1386,Coffee Maker,Home & Kitchen,7.0,2658.8,0.0,18611.6,2025-10-05,Mumbai,Credit Card,customer6581@example.com
10215,CUST1836,Lip Balm,Beauty,1.0,2395.42,0.0,2395.42,2026-02-04,Chennai,Debit Card,customer3097@example.com
11518,CUST1873,Yoga Mat,Sports,1.0,476.65,0.0,476.65,2025-09-05,Hyderabad,Cash on Delivery,customer7278@example.com
10345,CUST1442,Coffee Maker,Home & Kitchen,7.0,3313.09,0.0,37289.28,2025-06-13,Mumbai,UPI,customer2993@example.com
10839,CUST1783,Cap,Apparel,4.0,5499.48,0.0,27497.4,2025-08-19,Bengaluru,Cash on Delivery,customer2854@example.com
10148,CUST1923,Denim Jacket,Apparel,1.0,1486.46,0.0,1486.46,2025-05-11,Delhi,Cash on Delivery,customer7236@example.com
11022,CUST1485,Coffee Maker,Home & Kitchen,3.0,2238.08,0.0,6714.24,2025-12-26,Chennai,UPI,customer3306@example.com
11442,CUST1550,LED Lamp,Home & Kitchen,4.0,2321.47,20.0,7428.7,2025-03-01,Mumbai,Credit Card,customer9053@example.com
10413,CUST1788,Dumbbell Set,Sports,7.0,951.97,15.0,5664.22,2025-01-25,Mumbai,Cash on Delivery,customer3672@example.com
11224,CUST1923,Webcam,Electronics,3.0,2900.87,0.0,8702.61,2025-01-19,Chennai,Credit Card,customer8883@example.com
10784,CUST1819,Football,Sports,2.0,5521.97,0.0,11043.94,2025-08-01,Hyderabad,Net Banking,customer2774@example.com
10343,CUST1492,Storage Box,Home & Kitchen,1.0,3349.22,0.0,3349.22,2025-07-31,Bengaluru,Cash on Delivery,unknown@unknown.com
10948,CUST1646,Face Wash,Beauty,4.0,4150.48,0.0,16601.92,2025-12-02,Hyderabad,Cash on Delivery,customer7875@example.com
10748,CUST1977,Cap,Apparel,2.0,1979.37,0.0,3958.74,2025-06-16,Hyderabad,Credit Card,customer7331@example.com
10174,CUST1657,Yoga Mat,Sports,3.0,5928.55,20.0,14228.52,2025-03-26,Bengaluru,Credit Card,customer7602@example.com
10378,CUST1047,LED Lamp,Home & Kitchen,3.0,4288.27,0.0,12864.81,2025-10-03,Mumbai,UPI,customer6741@example.com
10739,CUST1129,Denim Jacket,Apparel,5.0,2249.38,0.0,11246.9,2025-04-16,Delhi,Net Banking,customer3138@example.com
10053,CUST1079,Wool Sweater,Apparel,5.0,5823.79,20.0,23295.16,2025-05-29,Hyderabad,Cash on Delivery,customer7190@example.com
10019,CUST1550,Running Shoes,Apparel,7.0,2189.7,5.0,14561.5,2025-05-08,Delhi,UPI,customer9155@example.com
11310,CUST1336,Face Wash,Beauty,1.0,1054.2,20.0,843.36,2025-05-08,Chennai,Debit Card,customer3216@example.com
10222,CUST1313,Dumbbell Set,Sports,6.0,2599.94,0.0,15599.64,2025-06-14,Mumbai,UPI,customer4670@example.com
11344,CUST1128,Cushion Cover,Home & Kitchen,7.0,372.29,20.0,2084.82,2025-02-24,Chennai,Cash on Delivery,customer4797@example.com
11446,CUST1204,Football,Sports,6.0,1755.14,15.0,8951.21,2025-01-20,Bengaluru,Cash on Delivery,customer2212@example.com
11141,CUST1831,Hair Serum,Beauty,6.0,3459.02,0.0,20754.12,2025-06-13,Mumbai,Debit Card,customer9263@example.com
10096,CUST1896,Face Wash,Beauty,3.0,3057.52,20.0,7338.05,2025-05-12,Mumbai,UPI,customer5873@example.com
10262,CUST1195,Hair Serum,Beauty,2.0,3226.0,5.0,6129.4,2025-01-07,Bengaluru,Credit Card,customer3606@example.com
11534,CUST1417,Face Wash,Beauty,7.0,5563.18,15.0,33100.92,2025-05-19,Hyderabad,Cash on Delivery,customer5581@example.com
10180,CUST1965,Football,Sports,6.0,1575.39,10.0,8507.11,2025-03-25,Chennai,Credit Card,customer2012@example.com
11127,CUST1740,Bluetooth Speaker,Electronics,5.0,5862.47,15.0,24915.5,2025-05-05,Hyderabad,Debit Card,customer6710@example.com
10717,CUST1966,Face Wash,Beauty,6.0,4715.76,20.0,22635.65,2025-08-13,Mumbai,Credit Card,customer9226@example.com
10185,CUST1832,Cotton T-Shirt,Apparel,4.0,5192.78,20.0,16616.9,2025-09-27,Hyderabad,UPI,customer2960@example.com
10468,CUST1086,Running Shoes,Apparel,4.0,2735.9,0.0,10943.6,2025-11-16,Hyderabad,Credit Card,customer2192@example.com
10904,CUST1891,Laptop Stand,Electronics,3.0,4844.98,20.0,11627.95,2025-04-29,Chennai,Credit Card,customer1562@example.com
10072,CUST1066,Face Wash,Beauty,1.0,2156.12,0.0,2048.31,2026-01-29,Mumbai,Net Banking,customer5206@example.com
11170,CUST1893,Denim Jacket,Apparel,2.0,3448.25,0.0,6896.5,2026-01-28,Chennai,Debit Card,customer5138@example.com
11386,CUST1522,Football,Sports,3.0,3256.37,10.0,8792.2,2026-01-16,Mumbai,Debit Card,customer9741@example.com
10347,CUST1362,Yoga Mat,Sports,5.0,4756.21,0.0,23781.05,2025-02-27,Mumbai,Debit Card,customer1679@example.com
11208,CUST1706,Yoga Mat,Sports,3.0,5801.07,0.0,17403.21,2025-10-05,Delhi,UPI,customer2145@example.com
10030,CUST1824,Running Shoes,Apparel,5.0,5222.37,5.0,24806.26,2026-01-26,Mumbai,Credit Card,customer7655@example.com
10797,CUST1009,Bluetooth Speaker,Electronics,5.0,204.47,20.0,817.88,2025-05-04,Delhi,Net Banking,customer3107@example.com
11064,CUST1343,Cushion Cover,Home & Kitchen,2.0,2711.0,0.0,5422.0,2025-10-07,Mumbai,Debit Card,customer7827@example.com
10158,CUST1305,Body Lotion,Beauty,3.0,5795.94,15.0,14779.65,2025-08-05,Mumbai,UPI,customer4249@example.com
10933,CUST1588,Running Shoes,Apparel,3.0,1959.22,0.0,5877.66,2025-01-05,Mumbai,UPI,customer6044@example.com
10659,CUST1505,Hair Serum,Beauty,7.0,5400.56,0.0,37803.92,2025-06-17,Chennai,Net Banking,customer6057@example.com
11686,CUST1867,Body Lotion,Beauty,3.0,2191.59,0.0,6574.77,2026-02-04,Hyderabad,Cash on Delivery,customer7084@example.com
10395,CUST1421,Hair Serum,Beauty,3.0,4488.38,0.0,11445.37,2025-07-10,Bengaluru,UPI,customer8579@example.com
11077,CUST1203,Sunscreen SPF50,Beauty,3.0,4710.52,0.0,13424.98,2025-12-24,Delhi,Credit Card,customer4343@example.com
10989,CUST1225,Webcam,Electronics,5.0,3454.19,10.0,15543.86,2025-09-03,Mumbai,Debit Card,customer8145@example.com
11725,CUST1564,Yoga Mat,Sports,2.0,4884.09,15.0,8302.95,2025-07-30,Delhi,Credit Card,unknown@unknown.com
11359,CUST1518,Face Wash,Beauty,2.0,4066.46,15.0,6912.98,2025-04-16,Chennai,Cash on Delivery,customer7543@example.com
10403,CUST1480,Laptop Stand,Electronics,1.0,4559.34,20.0,3647.47,2025-05-20,Delhi,Credit Card,customer9263@example.com
10990,CUST1124,Lip Balm,Beauty,5.0,3979.21,0.0,19896.05,2025-03-30,Bengaluru,UPI,customer7486@example.com
10678,CUST1647,Running Shoes,Apparel,4.0,3267.16,0.0,13068.64,2025-05-03,Mumbai,Debit Card,customer3486@example.com
11309,CUST1655,Storage Box,Home & Kitchen,6.0,3828.16,0.0,22968.96,2025-05-28,Hyderabad,Debit Card,unknown@unknown.com
11252,CUST1690,Denim Jacket,Apparel,4.0,2390.93,0.0,9563.72,2025-07-31,Chennai,Net Banking,customer6149@example.com
10823,CUST1060,Non-stick Pan,Home & Kitchen,4.0,5993.59,0.0,23974.36,2025-09-01,Hyderabad,Credit Card,customer3837@example.com
10964,CUST1107,Face Wash,Beauty,6.0,3820.91,0.0,22925.46,2025-08-02,Mumbai,UPI,customer6543@example.com
10836,CUST1008,Storage Box,Home & Kitchen,5.0,4079.91,15.0,17339.62,2025-09-22,Bengaluru,Net Banking,customer5088@example.com
11034,CUST1103,Cap,Apparel,7.0,3018.41,0.0,24856.93,2026-01-02,Mumbai,Debit Card,customer9075@example.com
11584,CUST1127,Cricket Bat,Sports,1.0,385.65,0.0,385.65,2025-04-22,Mumbai,Credit Card,customer9306@example.com
10940,CUST1276,Skipping Rope,Sports,2.0,1832.17,5.0,3481.12,2025-12-10,Mumbai,Credit Card,customer1258@example.com
11055,CUST1158,Cap,Apparel,7.0,3582.9,5.0,23826.28,2025-01-08,Mumbai,UPI,customer1747@example.com
11102,CUST1470,Sunscreen SPF50,Beauty,6.0,2430.19,20.0,11664.91,2026-01-18,Delhi,Net Banking,customer5443@example.com
10692,CUST1773,Cushion Cover,Home & Kitchen,2.0,2852.93,5.0,5420.57,2025-11-06,Bengaluru,Cash on Delivery,customer1378@example.com
11541,CUST1480,Sunscreen SPF50,Beauty,2.0,3955.75,15.0,6724.78,2026-01-02,Bengaluru,UPI,customer1724@example.com
10335,CUST1473,Bluetooth Speaker,Electronics,6.0,812.83,0.0,4876.98,2025-03-23,Mumbai,UPI,customer6808@example.com
10874,CUST1869,Webcam,Electronics,3.0,859.4,10.0,2320.38,2025-09-01,Mumbai,Net Banking,customer8218@example.com
10806,CUST1373,Cotton T-Shirt,Apparel,4.0,2271.11,10.0,12263.99,2025-07-11,Delhi,Credit Card,customer6845@example.com
10008,CUST1520,Yoga Mat,Sports,1.0,4842.85,0.0,4842.85,2025-11-23,Hyderabad,UPI,customer6618@example.com
10518,CUST1131,Denim Jacket,Apparel,2.0,953.57,20.0,1525.71,2025-05-10,Bengaluru,Credit Card,customer7468@example.com
10198,CUST1231,Cricket Bat,Sports,5.0,220.83,5.0,1048.94,2025-10-04,Delhi,Net Banking,customer5531@example.com
10297,CUST1420,Cushion Cover,Home & Kitchen,6.0,4655.43,0.0,27932.58,2025-06-11,Mumbai,Cash on Delivery,customer9224@example.com
11704,CUST1787,Bluetooth Speaker,Electronics,7.0,1259.44,0.0,8816.08,2025-01-04,Mumbai,Net Banking,customer8190@example.com
11606,CUST1221,Webcam,Electronics,2.0,4588.09,0.0,9176.18,2025-11-16,Mumbai,UPI,customer4943@example.com
10123,CUST1144,Webcam,Electronics,2.0,2468.02,0.0,4936.04,2025-03-03,Mumbai,Cash on Delivery,customer8287@example.com
10379,CUST1779,Wool Sweater,Apparel,5.0,3853.48,0.0,19267.4,2025-05-29,Hyderabad,Credit Card,customer3217@example.com
11063,CUST1974,USB-C Cable,Electronics,3.0,2405.0,10.0,6493.5,2025-11-18,Chennai,Debit Card,customer7596@example.com
11672,CUST1223,Denim Jacket,Apparel,7.0,1843.83,20.0,10325.45,2025-10-19,Mumbai,UPI,customer8097@example.com
10163,CUST1364,Lip Balm,Beauty,1.0,4609.37,20.0,3687.5,2025-12-05,Mumbai,Credit Card,customer3772@example.com
11187,CUST1379,Webcam,Electronics,5.0,5864.48,0.0,29322.4,2025-05-27,Hyderabad,Credit Card,customer6761@example.com
11092,CUST1333,Dumbbell Set,Sports,7.0,1205.27,10.0,7593.2,2026-01-31,Chennai,Net Banking,customer5561@example.com
10125,CUST1394,Bluetooth Speaker,Electronics,7.0,357.22,0.0,2500.54,2025-09-18,Chennai,Net Banking,customer1974@example.com
10552,CUST1630,Yoga Mat,Sports,2.0,4270.36,10.0,7686.65,2025-02-04,Delhi,Debit Card,customer4723@example.com
10005,CUST1942,Dumbbell Set,Sports,4.0,1560.0,0.0,4992.0,2025-09-21,Chennai,Net Banking,customer2585@example.com
10916,CUST1655,Wireless Mouse,Electronics,5.0,304.71,0.0,1523.55,2025-05-15,Hyderabad,Debit Card,customer4708@example.com
11631,CUST1534,Lip Balm,Beauty,1.0,1468.22,20.0,1174.58,2025-09-29,Chennai,Credit Card,customer1068@example.com
11602,CUST1373,Football,Sports,1.0,2342.02,10.0,2107.82,2025-03-18,Delhi,Cash on Delivery,customer2115@example.com
10612,CUST1564,Denim Jacket,Apparel,5.0,931.18,20.0,3724.72,2025-08-14,Hyderabad,UPI,unknown@unknown.com
10288,CUST1174,Cap,Apparel,1.0,5591.5,20.0,4473.2,2026-01-29,Bengaluru,Cash on Delivery,customer4607@example.com
10957,CUST1292,Football,Sports,1.0,3387.92,0.0,3387.92,2025-04-30,Hyderabad,Net Banking,customer7393@example.com
11744,CUST1485,USB-C Cable,Electronics,4.0,1274.91,0.0,7649.46,2025-10-12,Mumbai,Cash on Delivery,customer6867@example.com
10782,CUST1350,Storage Box,Home & Kitchen,4.0,5550.86,0.0,22203.44,2025-01-17,Bengaluru,Cash on Delivery,customer8377@example.com
10909,CUST1316,Sunscreen SPF50,Beauty,4.0,1983.2,10.0,7139.52,2025-10-25,Delhi,Debit Card,customer3822@example.com
10507,CUST1611,Laptop Stand,Electronics,1.0,5099.83,0.0,5099.83,2025-12-24,Delhi,UPI,customer4655@example.com
10357,CUST1194,Lip Balm,Beauty,1.0,2576.2,15.0,2189.77,2025-01-19,Hyderabad,Debit Card,customer9640@example.com
11342,CUST1977,Cricket Bat,Sports,2.0,2045.56,20.0,3272.9,2025-02-16,Bengaluru,Debit Card,customer5896@example.com
10353,CUST1425,Cushion Cover,Home & Kitchen,1.0,2191.01,15.0,1862.36,2025-09-18,Delhi,UPI,customer7968@example.com
10845,CUST1890,Laptop Stand,Electronics,7.0,794.51,10.0,5005.41,2025-02-10,Chennai,Credit Card,customer7034@example.com
11155,CUST1695,USB-C Cable,Electronics,6.0,2700.84,20.0,12964.03,2025-10-29,Mumbai,UPI,unknown@unknown.com
10947,CUST1707,Webcam,Electronics,7.0,4125.38,0.0,28877.66,2025-03-04,Mumbai,Credit Card,customer9500@example.com
10668,CUST1788,Cap,Apparel,1.0,768.91,0.0,768.91,2025-06-02,Hyderabad,UPI,customer3233@example.com
10887,CUST1906,Coffee Maker,Home & Kitchen,5.0,212.43,20.0,849.72,2025-11-22,Mumbai,UPI,customer9664@example.com
11285,CUST1329,Denim Jacket,Apparel,2.0,4118.41,0.0,8236.82,2025-09-11,Chennai,Debit Card,customer3652@example.com
11596,CUST1418,Skipping Rope,Sports,6.0,359.07,0.0,2154.42,2025-03-24,Delhi,Net Banking,customer6689@example.com
10334,CUST1360,Cushion Cover,Home & Kitchen,2.0,1775.44,20.0,2840.7,2025-07-21,Chennai,Cash on Delivery,customer1201@example.com
10154,CUST1843,Coffee Maker,Home & Kitchen,2.0,2735.84,10.0,4924.51,2025-09-23,Delhi,Cash on Delivery,customer6895@example.com
10788,CUST1980,Skipping Rope,Sports,3.0,1941.25,0.0,5823.75,2025-11-08,Bengaluru,UPI,customer5477@example.com
10502,CUST1365,Cap,Apparel,1.0,1369.14,0.0,1369.14,2025-10-07,Mumbai,UPI,customer6730@example.com
10722,CUST1454,Sunscreen SPF50,Beauty,5.0,3419.88,5.0,16244.43,2025-10-13,Bengaluru,Credit Card,customer4845@example.com
10374,CUST1026,Denim Jacket,Apparel,5.0,4904.37,0.0,20843.57,2025-06-25,Delhi,Cash on Delivery,customer7623@example.com
10591,CUST1209,Lip Balm,Beauty,4.0,3163.73,0.0,3163.73,2025-09-25,Hyderabad,UPI,customer6398@example.com
10313,CUST1860,USB-C Cable,Electronics,2.0,2239.16,10.0,4030.49,2025-04-26,Mumbai,Debit Card,customer4008@example.com
10043,CUST1547,Laptop Stand,Electronics,3.0,2627.31,0.0,7881.93,2025-04-09,Mumbai,Cash on Delivery,customer4440@example.com
11480,CUST1038,Face Wash,Beauty,2.0,3458.18,20.0,5533.09,2025-12-03,Mumbai,Credit Card,customer1891@example.com
10646,CUST1380,Hair Serum,Beauty,2.0,1533.38,0.0,3066.76,2025-12-09,Hyderabad,Debit Card,customer5920@example.com
11626,CUST1639,Non-stick Pan,Home & Kitchen,3.0,5254.78,20.0,12611.47,2025-11-22,Bengaluru,Credit Card,unknown@unknown.com
10972,CUST1018,Sunscreen SPF50,Beauty,5.0,2019.2,10.0,9086.4,2025-01-29,Chennai,Cash on Delivery,customer5062@example.com
10523,CUST1145,Coffee Maker,Home & Kitchen,3.0,2845.29,20.0,6828.7,2025-09-05,Mumbai,Debit Card,customer1192@example.com
11548,CUST1096,Laptop Stand,Electronics,2.0,2542.7,0.0,5085.4,2025-11-04,Hyderabad,Debit Card,customer2461@example.com
10763,CUST1003,Storage Box,Home & Kitchen,6.0,3943.46,0.0,23660.76,2025-05-16,Delhi,Net Banking,customer9627@example.com
11619,CUST1934,Coffee Maker,Home & Kitchen,4.0,3313.09,0.0,1737.88,2026-01-21,Delhi,Net Banking,customer2986@example.com
11768,CUST1642,USB-C Cable,Electronics,7.0,4009.26,15.0,23855.1,2025-08-23,Mumbai,Debit Card,customer2775@example.com
11433,CUST1788,Webcam,Electronics,6.0,3852.65,15.0,19648.52,2025-03-06,Chennai,Credit Card,customer1797@example.com
10705,CUST1061,Non-stick Pan,Home & Kitchen,7.0,1592.94,20.0,8920.46,2025-03-08,Delhi,Debit Card,unknown@unknown.com
11731,CUST1175,Cricket Bat,Sports,1.0,847.58,0.0,847.58,2025-12-09,Delhi,Credit Card,customer5357@example.com
11713,CUST1802,Dumbbell Set,Sports,4.0,3643.02,5.0,13843.48,2025-03-28,Hyderabad,Credit Card,customer4093@example.com
11499,CUST1494,Lip Balm,Beauty,6.0,5971.76,5.0,34039.03,2025-12-15,Delhi,Debit Card,customer6073@example.com
10945,CUST1545,Bluetooth Speaker,Electronics,4.0,947.07,10.0,3409.45,2025-03-25,Chennai,Net Banking,unknown@unknown.com
10169,CUST1458,Denim Jacket,Apparel,2.0,5863.84,0.0,11727.68,2025-12-16,Bengaluru,Credit Card,customer9105@example.com
11667,CUST1053,Wireless Mouse,Electronics,2.0,319.61,20.0,511.38,2025-03-18,Mumbai,UPI,customer7649@example.com
10361,CUST1946,Face Wash,Beauty,6.0,2870.57,0.0,17223.42,2025-12-30,Bengaluru,UPI,customer1658@example.com
11019,CUST1175,Wireless Mouse,Electronics,4.0,726.44,5.0,2760.47,2025-05-31,Mumbai,UPI,customer6543@example.com
10744,CUST1393,Cotton T-Shirt,Apparel,4.0,812.47,0.0,3249.88,2025-05-05,Mumbai,Credit Card,customer5795@example.com
10273,CUST1819,Wool Sweater,Apparel,2.0,5702.31,5.0,10834.39,2025-08-24,Bengaluru,Credit Card,customer9125@example.com
10815,CUST1475,Non-stick Pan,Home & Kitchen,4.0,1221.54,20.0,5863.39,2025-07-25,Hyderabad,UPI,customer6968@example.com
10819,CUST1784,Wool Sweater,Apparel,5.0,1018.63,5.0,4838.49,2025-03-20,Hyderabad,Debit Card,customer7327@example.com
11402,CUST1928,Wool Sweater,Apparel,3.0,4437.6,0.0,13312.8,2025-05-16,Delhi,UPI,customer8165@example.com
10735,CUST1212,Cap,Apparel,1.0,3424.35,0.0,3424.35,2026-01-21,Delhi,Cash on Delivery,unknown@unknown.com
11674,CUST1895,Lip Balm,Beauty,3.0,4742.19,15.0,12092.58,2025-08-04,Hyderabad,Net Banking,customer9550@example.com
11554,CUST1464,Body Lotion,Beauty,5.0,1192.45,5.0,5664.14,2025-03-29,Bengaluru,UPI,customer2802@example.com
11122,CUST1449,Non-stick Pan,Home & Kitchen,2.0,2516.94,15.0,4278.8,2025-01-25,Chennai,Credit Card,customer2484@example.com
10129,CUST1362,Cotton T-Shirt,Apparel,2.0,5292.57,0.0,10585.14,2025-09-06,Delhi,Debit Card,customer3403@example.com
10999,CUST1025,Webcam,Electronics,4.0,1652.46,0.0,6609.84,2025-06-11,Mumbai,Net Banking,unknown@unknown.com
10545,CUST1133,Wireless Mouse,Electronics,2.0,2500.98,10.0,4501.76,2025-12-14,Bengaluru,UPI,customer3713@example.com
10380,CUST1566,Face Wash,Beauty,5.0,5702.82,0.0,28514.1,2025-04-06,Delhi,UPI,customer4716@example.com
10204,CUST1301,Bluetooth Speaker,Electronics,5.0,4567.0,15.0,19409.75,2026-01-27,Hyderabad,UPI,customer8003@example.com
10344,CUST1202,Face Wash,Beauty,3.0,242.51,0.0,727.53,2025-10-23,Bengaluru,Debit Card,customer2184@example.com
11634,CUST1163,Hair Serum,Beauty,5.0,157.72,15.0,670.31,2025-02-18,Bengaluru,Debit Card,customer7007@example.com
11779,CUST1089,Storage Box,Home & Kitchen,1.0,3385.48,15.0,2877.66,2025-09-14,Chennai,UPI,customer9599@example.com
10519,CUST1833,Football,Sports,1.0,470.19,10.0,423.17,2025-07-04,Mumbai,Debit Card,customer3925@example.com
11695,CUST1232,Running Shoes,Apparel,4.0,5567.05,5.0,21154.79,2025-03-16,Hyderabad,Credit Card,customer1975@example.com
10489,CUST1288,LED Lamp,Home & Kitchen,4.0,4891.24,5.0,18586.71,2025-07-06,Mumbai,Net Banking,customer4197@example.com
11262,CUST1595,Lip Balm,Beauty,6.0,2314.08,5.0,13190.26,2025-05-04,Chennai,Debit Card,customer5312@example.com
11697,CUST1095,Skipping Rope,Sports,4.0,3385.03,10.0,12186.11,2025-03-15,Mumbai,UPI,customer8490@example.com
11425,CUST1526,Laptop Stand,Electronics,2.0,5340.65,10.0,9613.17,2025-10-20,Delhi,Net Banking,customer6926@example.com
10918,CUST1679,Skipping Rope,Sports,2.0,5042.85,0.0,10085.7,2026-01-16,Hyderabad,Credit Card,customer6932@example.com
10233,CUST1923,Webcam,Electronics,5.0,4057.33,0.0,20286.65,2025-09-17,Hyderabad,UPI,customer9004@example.com
10795,CUST1680,Sunscreen SPF50,Beauty,5.0,1148.99,15.0,4883.21,2025-02-07,Mumbai,Cash on Delivery,customer8952@example.com
11795,CUST1887,Cotton T-Shirt,Apparel,6.0,3829.58,15.0,19530.86,2026-01-13,Delhi,Cash on Delivery,customer3151@example.com
11123,CUST1961,Cushion Cover,Home & Kitchen,3.0,4184.37,15.0,10670.14,2025-06-17,Mumbai,Debit Card,customer5459@example.com
10515,CUST1983,Wool Sweater,Apparel,5.0,3018.41,0.0,19166.65,2025-12-20,Delhi,Net Banking,customer7924@example.com
10512,CUST1552,Non-stick Pan,Home & Kitchen,7.0,1423.62,5.0,9467.07,2025-03-28,Delhi,Cash on Delivery,customer9881@example.com
10113,CUST1537,Yoga Mat,Sports,7.0,3013.14,0.0,21091.98,2025-12-31,Mumbai,Credit Card,customer6913@example.com
10218,CUST1181,Running Shoes,Apparel,4.0,4714.25,15.0,16028.45,2025-10-24,Bengaluru,Credit Card,customer8710@example.com
11385,CUST1839,Skipping Rope,Sports,7.0,2899.62,5.0,19282.47,2025-09-04,Bengaluru,UPI,customer2918@example.com
10500,CUST1190,Wool Sweater,Apparel,7.0,2258.2,0.0,12645.92,2025-01-04,Chennai,Debit Card,customer1271@example.com
10935,CUST1566,Wireless Mouse,Electronics,1.0,4090.07,20.0,3272.06,2025-08-31,Mumbai,Credit Card,customer8993@example.com
10226,CUST1085,Bluetooth Speaker,Electronics,3.0,2854.43,10.0,7706.96,2025-06-16,Mumbai,Net Banking,customer5666@example.com
11043,CUST1473,Webcam,Electronics,7.0,2914.22,0.0,28205.87,2025-08-22,Delhi,Net Banking,customer6443@example.com
11193,CUST1607,Cotton T-Shirt,Apparel,5.0,1648.48,15.0,7006.04,2025-07-22,Mumbai,Cash on Delivery,customer8111@example.com
11633,CUST1027,LED Lamp,Home & Kitchen,5.0,5977.06,20.0,23908.24,2025-10-27,Mumbai,UPI,customer3203@example.com
11317,CUST1364,Webcam,Electronics,4.0,1235.78,0.0,4943.12,2025-11-02,Delhi,Net Banking,customer3335@example.com
11774,CUST1395,LED Lamp,Home & Kitchen,2.0,4704.04,5.0,8937.68,2026-01-28,Bengaluru,Credit Card,customer7212@example.com
11494,CUST1884,Body Lotion,Beauty,4.0,2514.94,20.0,8047.81,2025-11-02,Bengaluru,Credit Card,customer5497@example.com
10398,CUST1499,Body Lotion,Beauty,2.0,5243.41,0.0,10486.82,2025-10-03,Hyderabad,Net Banking,customer4968@example.com
10541,CUST1734,Body Lotion,Beauty,1.0,2067.85,15.0,1757.67,2025-06-06,Hyderabad,Net Banking,customer8543@example.com
10329,CUST1338,Cushion Cover,Home & Kitchen,1.0,4281.23,0.0,4281.23,2025-06-17,Delhi,UPI,customer1389@example.com
10796,CUST1364,Lip Balm,Beauty,5.0,5844.36,0.0,29221.8,2026-01-15,Bengaluru,Cash on Delivery,unknown@unknown.com
10849,CUST1626,USB-C Cable,Electronics,7.0,3618.96,0.0,25332.72,2025-08-23,Delhi,Net Banking,customer5576@example.com
11689,CUST1101,Laptop Stand,Electronics,6.0,1478.14,5.0,8425.4,2026-01-26,Delhi,Debit Card,customer3558@example.com
11520,CUST1407,Lip Balm,Beauty,3.0,4228.27,0.0,10782.09,2025-08-22,Bengaluru,Credit Card,customer4044@example.com
10094,CUST1700,Laptop Stand,Electronics,6.0,1019.68,15.0,5200.37,2025-03-04,Bengaluru,Cash on Delivery,customer3482@example.com
10214,CUST1302,Wireless Mouse,Electronics,1.0,2322.82,0.0,2322.82,2025-09-08,Mumbai,Cash on Delivery,customer2283@example.com
10771,CUST1009,USB-C Cable,Electronics,1.0,3541.46,0.0,3541.46,2025-03-08,Chennai,Credit Card,customer1730@example.com
10338,CUST1058,Coffee Maker,Home & Kitchen,4.0,4283.78,0.0,25702.68,2025-10-04,Bengaluru,Net Banking,customer3642@example.com
11450,CUST1662,Wireless Mouse,Electronics,2.0,1153.35,0.0,1845.36,2025-05-20,Chennai,Debit Card,customer4143@example.com
10804,CUST1840,Denim Jacket,Apparel,4.0,1077.34,0.0,4309.36,2025-01-02,Delhi,Net Banking,customer6692@example.com
10213,CUST1703,Cushion Cover,Home & Kitchen,6.0,4741.65,10.0,25604.91,2025-12-22,Chennai,Net Banking,customer6469@example.com
11140,CUST1897,Body Lotion,Beauty,2.0,4315.57,10.0,7768.03,2025-10-13,Mumbai,Credit Card,customer8181@example.com
11183,CUST1963,Cap,Apparel,1.0,4428.42,20.0,3542.74,2025-10-16,Chennai,Debit Card,customer6930@example.com
11169,CUST1012,Lip Balm,Beauty,1.0,2543.49,0.0,2543.49,2026-01-25,Hyderabad,Net Banking,customer6987@example.com
11137,CUST1427,Coffee Maker,Home & Kitchen,1.0,4323.75,0.0,4323.75,2025-11-03,Mumbai,Debit Card,customer9683@example.com
10037,CUST1550,Laptop Stand,Electronics,2.0,2923.92,0.0,5847.84,2025-12-07,Hyderabad,Cash on Delivery,unknown@unknown.com
10106,CUST1400,Wool Sweater,Apparel,7.0,4040.46,0.0,28283.22,2025-06-22,Hyderabad,Debit Card,customer4629@example.com
10363,CUST1684,Face Wash,Beauty,4.0,5110.38,0.0,20441.52,2025-02-18,Chennai,Cash on Delivery,customer9181@example.com
10851,CUST1813,Lip Balm,Beauty,6.0,345.55,20.0,1658.64,2025-12-11,Bengaluru,UPI,customer8385@example.com
10757,CUST1537,USB-C Cable,Electronics,1.0,2914.22,0.0,1472.99,2025-06-08,Mumbai,Cash on Delivery,customer9001@example.com
10759,CUST1438,Denim Jacket,Apparel,1.0,324.27,0.0,324.27,2025-11-26,Chennai,Debit Card,customer8086@example.com
10857,CUST1437,Bluetooth Speaker,Electronics,7.0,752.23,20.0,4212.49,2025-11-14,Mumbai,Cash on Delivery,customer9751@example.com
11609,CUST1778,Cotton T-Shirt,Apparel,2.0,3617.3,20.0,5787.68,2025-04-02,Chennai,Net Banking,customer2466@example.com
10566,CUST1543,Denim Jacket,Apparel,6.0,887.77,0.0,5060.29,2025-11-25,Chennai,UPI,customer3892@example.com
11376,CUST1439,Bluetooth Speaker,Electronics,3.0,5824.88,10.0,15727.18,2025-03-05,Delhi,Debit Card,customer4403@example.com
10250,CUST1851,Webcam,Electronics,6.0,2969.94,0.0,17819.64,2025-08-25,Hyderabad,Credit Card,customer2325@example.com
10477,CUST1579,Dumbbell Set,Sports,7.0,5036.93,0.0,35258.51,2025-11-01,Mumbai,Credit Card,customer7748@example.com
11475,CUST1817,Running Shoes,Apparel,5.0,1655.86,10.0,7451.37,2025-01-28,Mumbai,Cash on Delivery,customer4439@example.com
11431,CUST1406,Face Wash,Beauty,7.0,855.3,0.0,5987.1,2025-10-25,Delhi,Cash on Delivery,customer6412@example.com
11367,CUST1120,Lip Balm,Beauty,7.0,3805.76,20.0,21312.26,2025-06-11,Mumbai,Credit Card,customer3651@example.com
11189,CUST1412,Body Lotion,Beauty,7.0,1334.44,0.0,9341.08,2025-03-05,Chennai,UPI,customer3517@example.com
10455,CUST1109,Non-stick Pan,Home & Kitchen,1.0,4316.0,5.0,4100.2,2025-03-24,Hyderabad,Cash on Delivery,customer7394@example.com
11201,CUST1562,Cap,Apparel,4.0,2415.65,0.0,9662.6,2025-06-21,Delhi,Credit Card,customer7209@example.com
11108,CUST1992,Webcam,Electronics,2.0,5857.08,10.0,10542.74,2025-09-13,Bengaluru,UPI,unknown@unknown.com
10231,CUST1282,Hair Serum,Beauty,3.0,2003.06,10.0,5408.26,2025-09-16,Mumbai,Credit Card,customer4200@example.com
11320,CUST1598,Body Lotion,Beauty,5.0,415.97,0.0,1871.87,2025-06-04,Mumbai,Cash on Delivery,customer2623@example.com
10653,CUST1185,Non-stick Pan,Home & Kitchen,5.0,2527.04,0.0,12635.2,2025-02-20,Chennai,UPI,customer8610@example.com
10071,CUST1713,Running Shoes,Apparel,1.0,1568.45,20.0,1254.76,2025-01-28,Mumbai,Debit Card,customer1125@example.com
10611,CUST1188,Cushion Cover,Home & Kitchen,5.0,5227.8,5.0,24832.05,2025-07-10,Chennai,Cash on Delivery,customer1922@example.com
11175,CUST1585,Bluetooth Speaker,Electronics,2.0,4124.45,20.0,6599.12,2025-05-03,Delhi,Cash on Delivery,customer4182@example.com
11785,CUST1633,Hair Serum,Beauty,4.0,1609.48,15.0,5472.23,2025-06-29,Mumbai,Net Banking,customer4123@example.com
10411,CUST1982,Storage Box,Home & Kitchen,2.0,4031.61,20.0,6450.58,2025-11-06,Bengaluru,Net Banking,unknown@unknown.com
11766,CUST1499,Skipping Rope,Sports,3.0,624.34,15.0,1592.07,2025-07-21,Mumbai,Credit Card,customer9566@example.com
11152,CUST1966,Dumbbell Set,Sports,2.0,5139.96,15.0,8737.93,2025-10-10,Delhi,Credit Card,customer4022@example.com
10339,CUST1916,Cotton T-Shirt,Apparel,3.0,3731.71,15.0,9515.86,2025-02-17,Mumbai,Net Banking,customer9801@example.com
11026,CUST1508,Cotton T-Shirt,Apparel,6.0,2752.11,0.0,16512.66,2025-03-10,Hyderabad,Net Banking,customer6024@example.com
10044,CUST1595,Yoga Mat,Sports,1.0,753.27,0.0,753.27,2025-03-03,Delhi,Cash on Delivery,customer1698@example.com
10540,CUST1585,Running Shoes,Apparel,7.0,3348.06,10.0,21092.78,2025-06-01,Hyderabad,Debit Card,customer1495@example.com
10602,CUST1619,Face Wash,Beauty,6.0,548.02,0.0,3288.12,2025-02-25,Hyderabad,Net Banking,customer1845@example.com
11333,CUST1829,LED Lamp,Home & Kitchen,4.0,2515.23,5.0,9557.87,2025-03-29,Bengaluru,Cash on Delivery,customer1181@example.com
10966,CUST1916,Football,Sports,4.0,5418.9,0.0,21675.6,2025-12-10,Hyderabad,Credit Card,customer4275@example.com
11736,CUST1590,Body Lotion,Beauty,4.0,3899.68,0.0,15598.72,2025-07-05,Delhi,Net Banking,customer5674@example.com
11435,CUST1098,Hair Serum,Beauty,3.0,5465.85,15.0,13937.92,2025-01-14,Delhi,Debit Card,customer7162@example.com
10172,CUST1145,Sunscreen SPF50,Beauty,7.0,5129.37,0.0,35905.59,2025-12-11,Delhi,Credit Card,customer1482@example.com
10418,CUST1542,Cotton T-Shirt,Apparel,7.0,2672.72,0.0,18709.04,2025-09-04,Mumbai,Credit Card,customer6558@example.com
10838,CUST1505,Cotton T-Shirt,Apparel,3.0,4891.05,0.0,14673.15,2025-01-25,Delhi,UPI,customer4409@example.com
11594,CUST1478,Non-stick Pan,Home & Kitchen,3.0,3886.07,20.0,9326.57,2025-10-30,Mumbai,Debit Card,customer2928@example.com
10807,CUST1538,Face Wash,Beauty,7.0,2505.63,15.0,14908.5,2025-03-11,Bengaluru,Debit Card,customer4614@example.com
10883,CUST1481,Webcam,Electronics,2.0,3710.21,0.0,7420.42,2025-07-13,Chennai,Cash on Delivery,customer8416@example.com
11485,CUST1031,Webcam,Electronics,2.0,3520.94,0.0,7041.88,2025-02-13,Mumbai,UPI,customer1159@example.com
11789,CUST1004,Sunscreen SPF50,Beauty,6.0,871.93,15.0,4446.84,2025-12-09,Chennai,Credit Card,customer2232@example.com
10638,CUST1230,Cap,Apparel,2.0,1902.4,0.0,3804.8,2025-06-21,Hyderabad,UPI,customer5157@example.com
10424,CUST1799,Skipping Rope,Sports,2.0,5410.67,0.0,10821.34,2025-12-21,Bengaluru,Cash on Delivery,customer8023@example.com
10728,CUST1683,Non-stick Pan,Home & Kitchen,6.0,1743.05,5.0,9935.38,2025-06-05,Delhi,Credit Card,customer4412@example.com
10968,CUST1622,Face Wash,Beauty,3.0,2770.77,10.0,7481.08,2025-08-01,Chennai,Debit Card,customer9651@example.com
10377,CUST1137,Lip Balm,Beauty,5.0,3445.86,10.0,15506.37,2025-05-05,Mumbai,Cash on Delivery,unknown@unknown.com
10525,CUST1368,Storage Box,Home & Kitchen,1.0,153.5,15.0,130.48,2025-08-29,Delhi,UPI,customer6077@example.com
11790,CUST1251,Webcam,Electronics,2.0,5725.48,0.0,11450.96,2025-01-26,Bengaluru,Debit Card,unknown@unknown.com
10439,CUST1659,Dumbbell Set,Sports,3.0,4861.78,20.0,11668.27,2025-12-10,Mumbai,Net Banking,customer4969@example.com
11648,CUST1651,Skipping Rope,Sports,4.0,4897.62,15.0,16651.91,2026-01-15,Delhi,UPI,customer8591@example.com
10151,CUST1736,Cap,Apparel,2.0,2395.51,10.0,4311.92,2026-03-02,Chennai,Net Banking,customer7895@example.com
11738,CUST1523,Cotton T-Shirt,Apparel,7.0,946.93,15.0,5634.23,2025-01-11,Chennai,Net Banking,customer8733@example.com
10982,CUST1112,LED Lamp,Home & Kitchen,7.0,5502.34,10.0,34664.74,2025-11-30,Mumbai,Credit Card,customer3063@example.com
10955,CUST1245,Sunscreen SPF50,Beauty,2.0,2170.95,20.0,3473.52,2025-02-10,Hyderabad,Cash on Delivery,customer7560@example.com
11727,CUST1079,Coffee Maker,Home & Kitchen,4.0,3313.09,20.0,13488.29,2025-10-13,Bengaluru,UPI,unknown@unknown.com
11434,CUST1933,Running Shoes,Apparel,3.0,531.83,15.0,1356.17,2025-09-28,Chennai,Credit Card,customer5174@example.com
10718,CUST1934,Hair Serum,Beauty,7.0,5503.56,0.0,38524.92,2025-08-17,Chennai,Net Banking,customer6409@example.com
10527,CUST1109,Bluetooth Speaker,Electronics,6.0,1893.69,0.0,9089.71,2025-07-26,Mumbai,UPI,customer9107@example.com
11781,CUST1351,Cushion Cover,Home & Kitchen,3.0,1275.6,0.0,3826.8,2026-01-27,Mumbai,Credit Card,unknown@unknown.com
10584,CUST1483,Laptop Stand,Electronics,3.0,5624.58,20.0,13498.99,2025-05-27,Hyderabad,Credit Card,unknown@unknown.com
10976,CUST1215,Football,Sports,6.0,1535.36,15.0,7830.34,2026-01-03,Delhi,Debit Card,customer1847@example.com
10567,CUST1923,Webcam,Electronics,7.0,5093.08,20.0,28521.25,2025-02-09,Mumbai,Net Banking,customer2876@example.com
11233,CUST1343,Webcam,Electronics,2.0,2992.05,20.0,4787.28,2025-06-03,Delhi,Debit Card,customer3291@example.com
10441,CUST1581,Hair Serum,Beauty,3.0,864.35,0.0,2593.05,2025-02-07,Chennai,Credit Card,customer9339@example.com
11156,CUST1146,Coffee Maker,Home & Kitchen,3.0,2061.44,0.0,6184.32,2025-09-06,Bengaluru,UPI,customer9260@example.com
10175,CUST1035,Lip Balm,Beauty,2.0,4387.38,0.0,7019.81,2025-04-19,Chennai,Net Banking,unknown@unknown.com
11558,CUST1899,Hair Serum,Beauty,7.0,2834.22,10.0,17855.59,2025-08-25,Mumbai,Credit Card,customer3253@example.com
11295,CUST1468,USB-C Cable,Electronics,4.0,3055.56,10.0,19250.03,2025-08-01,Mumbai,Net Banking,customer2139@example.com
11432,CUST1941,Wool Sweater,Apparel,6.0,1537.32,20.0,7379.14,2025-01-03,Mumbai,Credit Card,customer6376@example.com
11618,CUST1294,Denim Jacket,Apparel,2.0,1235.61,5.0,2347.66,2026-01-20,Hyderabad,Debit Card,customer3816@example.com
10124,CUST1616,Yoga Mat,Sports,5.0,5385.29,0.0,26926.45,2025-09-24,Bengaluru,Net Banking,customer2218@example.com
10139,CUST1898,Lip Balm,Beauty,5.0,917.78,5.0,4359.45,2026-01-13,Hyderabad,Credit Card,customer2875@example.com
10880,CUST1948,Dumbbell Set,Sports,3.0,5386.34,15.0,13735.17,2025-04-25,Delhi,Debit Card,customer5394@example.com
11076,CUST1716,Webcam,Electronics,6.0,2192.59,20.0,10524.43,2026-01-18,Mumbai,Cash on Delivery,customer6361@example.com
10733,CUST1810,Yoga Mat,Sports,6.0,2781.35,20.0,13350.48,2025-09-16,Mumbai,UPI,customer9795@example.com
10625,CUST1203,Cap,Apparel,2.0,564.13,20.0,902.61,2025-01-02,Mumbai,Net Banking,customer7720@example.com
11300,CUST1363,Running Shoes,Apparel,4.0,1292.35,10.0,4652.46,2025-08-02,Mumbai,Net Banking,customer4675@example.com
10785,CUST1167,Bluetooth Speaker,Electronics,7.0,3495.6,10.0,22022.28,2025-11-13,Hyderabad,UPI,customer5537@example.com
11281,CUST1242,Coffee Maker,Home & Kitchen,3.0,2358.64,0.0,7075.92,2025-07-16,Mumbai,Cash on Delivery,customer3011@example.com
10183,CUST1041,Storage Box,Home & Kitchen,4.0,2437.6,20.0,7800.32,2025-02-18,Hyderabad,UPI,customer8629@example.com
10618,CUST1655,Wool Sweater,Apparel,6.0,1996.66,20.0,9583.97,2025-05-03,Mumbai,UPI,customer5958@example.com
11325,CUST1376,Lip Balm,Beauty,2.0,4361.94,0.0,8723.88,2025-06-17,Hyderabad,Debit Card,customer6363@example.com
10691,CUST1634,Coffee Maker,Home & Kitchen,7.0,3366.78,5.0,22389.09,2025-01-08,Chennai,Debit Card,customer6917@example.com
11677,CUST1070,Wool Sweater,Apparel,1.0,3888.34,0.0,3110.67,2025-01-09,Hyderabad,Net Banking,customer2363@example.com
10241,CUST1613,LED Lamp,Home & Kitchen,1.0,2621.91,15.0,2228.62,2025-03-06,Delhi,Cash on Delivery,customer5178@example.com
11255,CUST1297,Webcam,Electronics,2.0,5542.11,15.0,9421.59,2026-01-29,Bengaluru,Net Banking,customer7192@example.com
11351,CUST1301,Body Lotion,Beauty,4.0,2917.6,5.0,11086.88,2025-11-30,Bengaluru,Debit Card,customer2315@example.com
10459,CUST1203,Cricket Bat,Sports,3.0,3849.52,10.0,10393.7,2025-12-30,Bengaluru,Credit Card,customer1242@example.com
10682,CUST1717,Non-stick Pan,Home & Kitchen,2.0,5043.17,15.0,8573.39,2025-08-02,Bengaluru,Net Banking,customer6356@example.com
10466,CUST1540,Dumbbell Set,Sports,1.0,3541.43,0.0,3541.43,2025-02-23,Chennai,UPI,customer9989@example.com
11188,CUST1687,Non-stick Pan,Home & Kitchen,4.0,2687.13,0.0,10748.52,2025-12-16,Hyderabad,Cash on Delivery,customer5367@example.com
11192,CUST1421,Coffee Maker,Home & Kitchen,3.0,523.88,5.0,1493.06,2025-02-12,Mumbai,Cash on Delivery,customer7026@example.com
10146,CUST1873,Sunscreen SPF50,Beauty,7.0,2963.29,0.0,20743.03,2025-07-07,Mumbai,Net Banking,customer2560@example.com
10207,CUST1514,Dumbbell Set,Sports,1.0,204.59,5.0,194.36,2025-09-18,Mumbai,UPI,customer6343@example.com
11525,CUST1048,Hair Serum,Beauty,1.0,3174.16,0.0,3174.16,2025-02-15,Bengaluru,Credit Card,customer9607@example.com
11213,CUST1858,Coffee Maker,Home & Kitchen,6.0,1634.32,10.0,8825.33,2025-04-25,Bengaluru,Credit Card,customer6855@example.com
11657,CUST1226,Wireless Mouse,Electronics,2.0,2576.86,20.0,4122.98,2025-05-19,Bengaluru,UPI,customer4157@example.com
10325,CUST1782,USB-C Cable,Electronics,7.0,5838.66,0.0,40870.62,2025-04-14,Chennai,Debit Card,customer1166@example.com
10658,CUST1832,Coffee Maker,Home & Kitchen,7.0,2307.04,10.0,14534.35,2025-09-06,Mumbai,UPI,customer4071@example.com
11750,CUST1061,Dumbbell Set,Sports,6.0,2055.74,15.0,10484.27,2025-05-20,Delhi,Net Banking,customer1135@example.com
10715,CUST1551,Wool Sweater,Apparel,6.0,3018.41,5.0,21595.88,2025-08-01,Hyderabad,Cash on Delivery,customer7642@example.com
11769,CUST1581,Hair Serum,Beauty,4.0,4961.29,20.0,15876.13,2025-10-01,Bengaluru,UPI,customer3302@example.com
11600,CUST1366,Webcam,Electronics,7.0,5328.9,0.0,37302.3,2025-05-19,Bengaluru,Credit Card,customer7589@example.com
10080,CUST1319,Non-stick Pan,Home & Kitchen,3.0,1210.21,0.0,3630.63,2025-10-23,Mumbai,Cash on Delivery,customer9007@example.com
11745,CUST1236,Storage Box,Home & Kitchen,6.0,4599.79,10.0,24838.87,2025-08-16,Chennai,Credit Card,customer1679@example.com
11729,CUST1645,Denim Jacket,Apparel,3.0,169.73,0.0,509.19,2026-01-30,Hyderabad,Credit Card,customer4255@example.com
10688,CUST1111,Body Lotion,Beauty,2.0,5742.03,0.0,11484.06,2025-12-30,Mumbai,Net Banking,customer2220@example.com
10167,CUST1398,Skipping Rope,Sports,7.0,194.24,10.0,1223.71,2025-05-04,Delhi,UPI,customer1140@example.com
10230,CUST1071,Sunscreen SPF50,Beauty,4.0,4788.2,10.0,17237.52,2025-03-26,Chennai,Debit Card,customer7971@example.com
11693,CUST1253,Cotton T-Shirt,Apparel,4.0,2946.93,0.0,11787.72,2025-09-12,Chennai,Credit Card,customer5129@example.com
10741,CUST1047,Wool Sweater,Apparel,1.0,5163.62,15.0,4389.08,2025-07-30,Mumbai,UPI,unknown@unknown.com
10101,CUST1260,Coffee Maker,Home & Kitchen,7.0,2273.9,5.0,15121.44,2025-01-20,Mumbai,Credit Card,customer8083@example.com
10291,CUST1030,Laptop Stand,Electronics,5.0,1238.23,10.0,5572.04,2025-04-10,Bengaluru,Credit Card,customer4237@example.com
10445,CUST1224,Football,Sports,4.0,3213.06,20.0,10281.79,2025-07-28,Mumbai,Credit Card,customer5654@example.com
10879,CUST1639,Coffee Maker,Home & Kitchen,4.0,1992.36,20.0,6375.55,2025-11-20,Chennai,Cash on Delivery,customer5765@example.com
11456,CUST1597,Wireless Mouse,Electronics,5.0,5586.69,10.0,25140.1,2025-11-06,Mumbai,UPI,customer8370@example.com
11078,CUST1118,Wireless Mouse,Electronics,7.0,5562.8,0.0,38939.6,2025-05-20,Hyderabad,UPI,customer4591@example.com
10740,CUST1891,Bluetooth Speaker,Electronics,4.0,4821.13,10.0,17356.07,2025-12-22,Bengaluru,Credit Card,customer3047@example.com
10392,CUST1974,Running Shoes,Apparel,7.0,4695.74,0.0,32870.18,2025-09-28,Chennai,Credit Card,customer5135@example.com
10087,CUST1549,LED Lamp,Home & Kitchen,6.0,4986.77,0.0,29920.62,2025-12-26,Hyderabad,Debit Card,customer9554@example.com
10667,CUST1452,Bluetooth Speaker,Electronics,7.0,891.79,5.0,5930.4,2025-03-31,Mumbai,UPI,customer7617@example.com
11276,CUST1862,Football,Sports,3.0,2572.3,10.0,6945.21,2025-10-11,Hyderabad,Cash on Delivery,customer1770@example.com
11524,CUST1878,Wool Sweater,Apparel,4.0,3884.97,10.0,13985.89,2025-03-05,Bengaluru,UPI,customer8285@example.com
11724,CUST1495,Hair Serum,Beauty,7.0,5031.53,20.0,28176.57,2025-10-11,Delhi,Debit Card,customer2982@example.com
10476,CUST1258,Cushion Cover,Home & Kitchen,5.0,3917.15,5.0,18606.46,2025-10-01,Mumbai,Net Banking,customer1421@example.com
11296,CUST1816,Yoga Mat,Sports,3.0,1861.78,0.0,5306.07,2025-07-30,Hyderabad,Net Banking,customer2191@example.com
10045,CUST1264,Non-stick Pan,Home & Kitchen,1.0,213.4,0.0,213.4,2025-03-17,Chennai,Net Banking,customer5946@example.com
10789,CUST1603,Face Wash,Beauty,6.0,4461.82,0.0,26770.92,2025-07-29,Hyderabad,Credit Card,customer3015@example.com
11003,CUST1004,Non-stick Pan,Home & Kitchen,1.0,4441.69,10.0,3997.52,2025-04-28,Mumbai,Cash on Delivery,customer5735@example.com
11138,CUST1874,Sunscreen SPF50,Beauty,1.0,5489.3,10.0,4940.37,2025-09-02,Bengaluru,Cash on Delivery,customer7176@example.com
10025,CUST1959,LED Lamp,Home & Kitchen,1.0,2197.96,5.0,2088.06,2026-01-02,Mumbai,Cash on Delivery,customer8683@example.com
11236,CUST1411,Body Lotion,Beauty,7.0,4734.28,0.0,33139.96,2025-12-06,Delhi,Credit Card,customer1429@example.com
11645,CUST1953,Dumbbell Set,Sports,6.0,2681.32,10.0,14479.13,2025-02-06,Chennai,Cash on Delivery,customer8313@example.com
10833,CUST1959,Hair Serum,Beauty,2.0,765.8,0.0,1531.6,2025-08-16,Delhi,Cash on Delivery,customer1632@example.com
11194,CUST1121,Sunscreen SPF50,Beauty,3.0,938.11,5.0,2673.61,2025-01-20,Mumbai,Credit Card,customer6571@example.com
10592,CUST1794,Wireless Mouse,Electronics,4.0,1551.93,5.0,5897.33,2025-08-02,Chennai,Net Banking,customer4392@example.com
11621,CUST1409,Yoga Mat,Sports,4.0,2421.54,0.0,9686.16,2025-07-22,Bengaluru,Cash on Delivery,customer3348@example.com
11545,CUST1296,Cap,Apparel,1.0,5483.67,10.0,4935.3,2025-06-15,Hyderabad,UPI,customer9774@example.com
11057,CUST1185,Sunscreen SPF50,Beauty,6.0,1072.57,0.0,6435.42,2025-08-15,Mumbai,UPI,customer1170@example.com
11636,CUST1879,Running Shoes,Apparel,3.0,3451.76,20.0,8284.22,2025-09-30,Delhi,Cash on Delivery,customer5290@example.com
10110,CUST1016,Cotton T-Shirt,Apparel,1.0,2924.29,0.0,2924.29,2025-10-23,Mumbai,UPI,customer2639@example.com
11161,CUST1549,Body Lotion,Beauty,7.0,5656.36,15.0,33655.34,2025-01-27,Mumbai,Debit Card,customer6309@example.com
11355,CUST1389,Denim Jacket,Apparel,4.0,5590.54,20.0,17889.73,2025-04-17,Bengaluru,UPI,customer3774@example.com
10223,CUST1907,Cap,Apparel,1.0,2864.01,10.0,2577.61,2026-01-19,Bengaluru,Credit Card,customer8345@example.com
11053,CUST1388,Storage Box,Home & Kitchen,2.0,2894.0,5.0,5498.6,2025-07-10,Chennai,Debit Card,unknown@unknown.com
11312,CUST1152,Denim Jacket,Apparel,7.0,4096.84,0.0,28677.88,2025-07-11,Delhi,Net Banking,customer8820@example.com
10723,CUST1339,Denim Jacket,Apparel,1.0,4539.09,10.0,4085.18,2025-12-23,Chennai,Debit Card,customer9168@example.com
10056,CUST1460,Laptop Stand,Electronics,1.0,4234.25,0.0,4234.25,2025-07-31,Delhi,Cash on Delivery,customer2581@example.com
10254,CUST1987,Football,Sports,5.0,1959.83,0.0,9799.15,2025-04-13,Hyderabad,Credit Card,customer9365@example.com
11073,CUST1299,Skipping Rope,Sports,4.0,1740.39,0.0,6961.56,2026-01-30,Delhi,Debit Card,customer1772@example.com
11620,CUST1327,Skipping Rope,Sports,2.0,2390.36,15.0,4063.61,2025-08-12,Chennai,Credit Card,customer5197@example.com
11493,CUST1889,Lip Balm,Beauty,2.0,905.73,10.0,1630.31,2025-04-10,Mumbai,Net Banking,customer3578@example.com
10643,CUST1811,Sunscreen SPF50,Beauty,5.0,1939.48,0.0,9697.4,2025-04-16,Mumbai,UPI,customer4454@example.com
10546,CUST1764,Cotton T-Shirt,Apparel,4.0,307.18,20.0,982.98,2025-03-09,Mumbai,Net Banking,customer6680@example.com
10478,CUST1762,Wool Sweater,Apparel,1.0,3018.41,10.0,4264.89,2025-02-24,Mumbai,UPI,customer9456@example.com
10950,CUST1255,Hair Serum,Beauty,3.0,1078.03,0.0,3234.09,2025-04-10,Mumbai,Debit Card,customer4176@example.com
11572,CUST1715,Cotton T-Shirt,Apparel,7.0,718.94,0.0,5032.58,2026-01-11,Chennai,Net Banking,customer1837@example.com
10844,CUST1341,Wireless Mouse,Electronics,2.0,3612.08,10.0,6501.74,2025-05-03,Mumbai,UPI,customer2728@example.com
10064,CUST1132,Wireless Mouse,Electronics,2.0,1893.06,0.0,3786.12,2025-03-22,Chennai,Credit Card,customer6449@example.com
10414,CUST1725,Storage Box,Home & Kitchen,5.0,3551.29,0.0,16868.63,2025-08-15,Chennai,UPI,customer8409@example.com
10385,CUST1211,Cricket Bat,Sports,7.0,4463.94,0.0,31247.58,2025-06-28,Delhi,Credit Card,customer8431@example.com
10975,CUST1589,Bluetooth Speaker,Electronics,7.0,4049.69,20.0,22678.26,2025-06-04,Chennai,Net Banking,customer4859@example.com
11347,CUST1004,Dumbbell Set,Sports,1.0,1995.61,10.0,1796.05,2025-04-03,Delhi,Credit Card,customer2270@example.com
10885,CUST1771,Body Lotion,Beauty,3.0,4207.03,0.0,12621.09,2025-03-19,Mumbai,UPI,customer6355@example.com
11259,CUST1230,Cotton T-Shirt,Apparel,5.0,5061.47,0.0,25307.35,2025-09-18,Delhi,Net Banking,unknown@unknown.com
10657,CUST1194,Coffee Maker,Home & Kitchen,3.0,4129.47,0.0,12388.41,2025-01-29,Mumbai,Credit Card,customer2460@example.com
11582,CUST1009,Wool Sweater,Apparel,1.0,5678.71,5.0,5394.77,2025-03-29,Delhi,Net Banking,customer4310@example.com
11487,CUST1603,Yoga Mat,Sports,4.0,3249.91,0.0,12999.64,2025-11-06,Mumbai,Cash on Delivery,customer7558@example.com
11449,CUST1649,Non-stick Pan,Home & Kitchen,1.0,3204.13,15.0,2723.51,2025-04-10,Mumbai,Debit Card,customer3894@example.com
11486,CUST1754,Dumbbell Set,Sports,4.0,806.38,0.0,3225.52,2026-01-27,Delhi,UPI,customer4405@example.com
11328,CUST1625,Storage Box,Home & Kitchen,3.0,3456.26,15.0,8813.46,2025-07-14,Mumbai,Credit Card,customer8694@example.com
10370,CUST1735,Denim Jacket,Apparel,7.0,3018.41,0.0,19226.06,2025-11-14,Chennai,Credit Card,customer5334@example.com
10690,CUST1815,Denim Jacket,Apparel,3.0,4481.98,0.0,13445.94,2025-10-02,Delhi,Net Banking,customer4110@example.com
10220,CUST1227,Denim Jacket,Apparel,4.0,4693.76,0.0,18775.04,2025-10-28,Bengaluru,Debit Card,customer1874@example.com
11793,CUST1856,Cotton T-Shirt,Apparel,4.0,2264.63,15.0,7699.74,2026-01-26,Hyderabad,UPI,customer5274@example.com
11321,CUST1449,Hair Serum,Beauty,1.0,2746.3,0.0,2746.3,2025-04-24,Bengaluru,Net Banking,customer5274@example.com
10022,CUST1851,Laptop Stand,Electronics,4.0,5623.46,15.0,19119.76,2025-04-14,Delhi,Credit Card,customer1098@example.com
10761,CUST1958,Cotton T-Shirt,Apparel,2.0,825.11,0.0,1650.22,2025-10-08,Mumbai,Net Banking,customer6255@example.com
10870,CUST1204,Running Shoes,Apparel,4.0,3365.29,0.0,13461.16,2025-01-31,Mumbai,UPI,customer8313@example.com
10421,CUST1708,Cushion Cover,Home & Kitchen,3.0,1763.18,5.0,5025.06,2025-06-01,Bengaluru,Credit Card,customer7049@example.com
11350,CUST1720,USB-C Cable,Electronics,4.0,2990.15,0.0,11960.6,2025-10-23,Bengaluru,Net Banking,customer9306@example.com
10200,CUST1803,Face Wash,Beauty,7.0,5859.55,0.0,41016.85,2025-02-18,Bengaluru,Credit Card,customer9569@example.com
10451,CUST1124,Bluetooth Speaker,Electronics,5.0,4864.98,5.0,23108.65,2025-06-12,Hyderabad,Cash on Delivery,customer8825@example.com
11162,CUST1293,Lip Balm,Beauty,6.0,5225.21,10.0,28216.13,2025-03-01,Hyderabad,Net Banking,customer1796@example.com
11020,CUST1341,Lip Balm,Beauty,4.0,889.91,0.0,3559.64,2025-01-13,Chennai,Net Banking,customer1158@example.com
11561,CUST1899,USB-C Cable,Electronics,2.0,1598.22,0.0,3196.44,2025-08-03,Bengaluru,UPI,customer4570@example.com
10912,CUST1565,Bluetooth Speaker,Electronics,2.0,4013.26,10.0,7223.87,2025-11-14,Mumbai,Cash on Delivery,customer9676@example.com
10697,CUST1443,Wireless Mouse,Electronics,5.0,4411.27,0.0,22056.35,2025-10-16,Mumbai,Cash on Delivery,customer2721@example.com
11671,CUST1280,Cushion Cover,Home & Kitchen,4.0,427.0,0.0,1708.0,2025-02-19,Delhi,Net Banking,customer3371@example.com
10812,CUST1460,Lip Balm,Beauty,6.0,1288.11,10.0,6955.79,2025-05-17,Hyderabad,UPI,customer2025@example.com
11653,CUST1938,Wool Sweater,Apparel,4.0,1308.14,5.0,4970.93,2025-11-14,Hyderabad,Credit Card,customer1448@example.com
11237,CUST1787,Cricket Bat,Sports,4.0,851.38,15.0,2894.69,2026-01-31,Mumbai,Cash on Delivery,unknown@unknown.com
10911,CUST1068,Yoga Mat,Sports,6.0,3603.99,10.0,19461.55,2025-02-28,Hyderabad,Debit Card,unknown@unknown.com
10506,CUST1366,Body Lotion,Beauty,4.0,2479.94,0.0,9919.76,2026-01-17,Delhi,Credit Card,unknown@unknown.com
11734,CUST1238,USB-C Cable,Electronics,4.0,1735.04,0.0,6940.16,2025-09-16,Bengaluru,Debit Card,customer4277@example.com
11256,CUST1954,Cushion Cover,Home & Kitchen,4.0,3313.09,0.0,5930.52,2025-09-15,Chennai,UPI,customer3612@example.com
10406,CUST1272,Webcam,Electronics,3.0,1868.59,20.0,4484.62,2025-06-05,Delhi,Net Banking,customer8538@example.com
11593,CUST1949,Sunscreen SPF50,Beauty,7.0,2632.94,0.0,15665.99,2025-06-19,Delhi,Debit Card,customer9887@example.com
10318,CUST1282,Sunscreen SPF50,Beauty,3.0,3115.48,20.0,7477.15,2025-10-07,Delhi,Net Banking,customer4607@example.com
10184,CUST1129,Storage Box,Home & Kitchen,3.0,2036.79,0.0,6110.37,2025-12-13,Bengaluru,Debit Card,customer6656@example.com
11121,CUST1760,Hair Serum,Beauty,6.0,1657.29,0.0,9943.74,2025-07-20,Hyderabad,Debit Card,unknown@unknown.com
11782,CUST1081,Coffee Maker,Home & Kitchen,6.0,1066.0,0.0,6396.0,2025-02-06,Bengaluru,UPI,customer4205@example.com
11718,CUST1353,Cotton T-Shirt,Apparel,4.0,797.85,0.0,3191.4,2025-08-01,Hyderabad,Net Banking,customer2409@example.com
10610,CUST1667,Sunscreen SPF50,Beauty,6.0,753.82,0.0,4522.92,2025-08-04,Bengaluru,Credit Card,customer4535@example.com
10627,CUST1535,Body Lotion,Beauty,7.0,2978.91,0.0,20852.37,2025-02-04,Mumbai,UPI,customer3000@example.com
10486,CUST1428,Bluetooth Speaker,Electronics,6.0,2914.22,20.0,27895.92,2025-04-04,Delhi,Net Banking,customer2141@example.com
10279,CUST1801,Wireless Mouse,Electronics,7.0,4245.2,20.0,23773.12,2025-09-22,Chennai,UPI,customer4426@example.com
10631,CUST1035,Body Lotion,Beauty,3.0,2894.0,15.0,7379.7,2025-11-06,Bengaluru,Debit Card,customer3642@example.com
10021,CUST1232,Laptop Stand,Electronics,3.0,5417.45,20.0,13001.88,2025-01-09,Hyderabad,UPI,customer5499@example.com
10171,CUST1632,Football,Sports,7.0,4793.4,0.0,33553.8,2026-01-13,Bengaluru,Debit Card,customer2316@example.com
11426,CUST1367,Yoga Mat,Sports,6.0,4906.75,5.0,27968.48,2025-12-11,Mumbai,Debit Card,customer8513@example.com
10902,CUST1365,Storage Box,Home & Kitchen,4.0,4315.25,15.0,14671.85,2025-06-20,Delhi,UPI,customer2249@example.com
11040,CUST1929,Webcam,Electronics,4.0,1819.62,0.0,7278.48,2025-03-10,Chennai,UPI,unknown@unknown.com
11591,CUST1060,Dumbbell Set,Sports,5.0,2376.37,5.0,11287.76,2025-08-08,Mumbai,Cash on Delivery,customer4815@example.com
10177,CUST1341,Dumbbell Set,Sports,5.0,3267.8,0.0,16339.0,2025-09-16,Delhi,Net Banking,customer3817@example.com
10328,CUST1825,Sunscreen SPF50,Beauty,4.0,297.38,0.0,1189.52,2025-03-19,Bengaluru,Cash on Delivery,customer7871@example.com
10707,CUST1144,Yoga Mat,Sports,2.0,4808.27,5.0,9135.71,2025-01-16,Delhi,Cash on Delivery,customer3908@example.com
11223,CUST1986,Sunscreen SPF50,Beauty,7.0,3354.7,15.0,19960.46,2025-11-29,Chennai,Cash on Delivery,customer4767@example.com
10471,CUST1845,Storage Box,Home & Kitchen,3.0,3250.33,0.0,9750.99,2025-01-02,Mumbai,Net Banking,customer2436@example.com
11764,CUST1340,Skipping Rope,Sports,3.0,3262.09,0.0,9786.27,2025-02-16,Hyderabad,Net Banking,customer7569@example.com
11719,CUST1512,Non-stick Pan,Home & Kitchen,3.0,3749.08,0.0,11247.24,2025-12-11,Hyderabad,Debit Card,customer3781@example.com
10267,CUST1499,Face Wash,Beauty,4.0,665.98,20.0,1598.35,2025-05-06,Bengaluru,Cash on Delivery,customer4236@example.com
10616,CUST1257,Denim Jacket,Apparel,2.0,3617.27,10.0,6511.09,2025-09-22,Chennai,Cash on Delivery,customer4185@example.com
11757,CUST1634,Bluetooth Speaker,Electronics,3.0,2076.92,10.0,5607.68,2025-04-06,Delhi,Debit Card,customer2602@example.com
11517,CUST1553,Denim Jacket,Apparel,1.0,1606.06,0.0,1606.06,2025-08-30,Mumbai,Credit Card,customer4577@example.com
10131,CUST1993,Cricket Bat,Sports,2.0,4602.01,0.0,9204.02,2025-08-12,Delhi,Cash on Delivery,unknown@unknown.com
10866,CUST1657,LED Lamp,Home & Kitchen,5.0,4129.39,0.0,20646.95,2025-05-24,Mumbai,Credit Card,customer4037@example.com
11363,CUST1168,USB-C Cable,Electronics,3.0,4900.39,5.0,13966.11,2025-12-23,Mumbai,UPI,customer9338@example.com
10490,CUST1591,Webcam,Electronics,7.0,5357.31,0.0,37501.17,2025-06-17,Mumbai,Net Banking,customer7453@example.com
11597,CUST1699,Coffee Maker,Home & Kitchen,7.0,5501.67,10.0,34660.52,2025-05-23,Hyderabad,Credit Card,customer8903@example.com
10607,CUST1550,Face Wash,Beauty,1.0,1659.93,0.0,1576.93,2025-07-18,Mumbai,Cash on Delivery,customer4990@example.com
11218,CUST1219,USB-C Cable,Electronics,4.0,2595.29,15.0,8823.99,2025-11-29,Hyderabad,UPI,customer8333@example.com
11165,CUST1941,Lip Balm,Beauty,4.0,3949.64,5.0,15008.63,2025-01-27,Delhi,Debit Card,customer6267@example.com
10417,CUST1967,Storage Box,Home & Kitchen,2.0,754.1,10.0,1357.38,2026-01-14,Chennai,Cash on Delivery,customer9923@example.com
11685,CUST1946,Wireless Mouse,Electronics,6.0,3942.08,5.0,22469.86,2025-03-06,Bengaluru,Net Banking,customer3844@example.com
11501,CUST1092,Wireless Mouse,Electronics,3.0,2553.76,0.0,7661.28,2025-12-05,Chennai,Cash on Delivery,customer1293@example.com
11739,CUST1130,Denim Jacket,Apparel,6.0,4349.8,20.0,20879.04,2025-07-20,Bengaluru,Debit Card,unknown@unknown.com
10153,CUST1228,Cotton T-Shirt,Apparel,4.0,1976.07,0.0,7904.28,2025-06-12,Delhi,Net Banking,customer8062@example.com
10890,CUST1844,USB-C Cable,Electronics,7.0,4279.41,5.0,28458.08,2025-11-15,Bengaluru,Net Banking,customer5228@example.com
10850,CUST1781,Body Lotion,Beauty,6.0,734.91,0.0,4409.46,2025-03-28,Bengaluru,UPI,customer5782@example.com
10280,CUST1082,Storage Box,Home & Kitchen,2.0,5693.97,10.0,10249.15,2025-02-03,Hyderabad,Debit Card,customer6776@example.com
11035,CUST1114,LED Lamp,Home & Kitchen,4.0,5276.44,20.0,16884.61,2025-02-18,Delhi,Credit Card,customer8878@example.com
10270,CUST1098,Body Lotion,Beauty,2.0,1030.55,0.0,2061.1,2025-09-30,Delhi,Credit Card,unknown@unknown.com
10097,CUST1177,Running Shoes,Apparel,7.0,2541.09,20.0,14230.1,2025-10-15,Mumbai,Credit Card,customer6954@example.com
10211,CUST1056,Skipping Rope,Sports,4.0,320.07,5.0,1824.4,2025-07-07,Hyderabad,Cash on Delivery,customer4292@example.com
11533,CUST1189,Running Shoes,Apparel,3.0,3170.52,0.0,9511.56,2025-06-03,Mumbai,Net Banking,customer5005@example.com
11777,CUST1137,Wireless Mouse,Electronics,6.0,4032.73,15.0,20566.92,2025-10-15,Hyderabad,UPI,unknown@unknown.com
10570,CUST1693,Cap,Apparel,4.0,657.23,0.0,2366.03,2025-09-01,Bengaluru,Cash on Delivery,customer1877@example.com
10872,CUST1982,Football,Sports,3.0,3525.57,0.0,10576.71,2025-02-24,Delhi,Credit Card,customer1242@example.com
11573,CUST1239,Sunscreen SPF50,Beauty,1.0,5016.42,20.0,4013.14,2025-09-12,Mumbai,Credit Card,unknown@unknown.com
11567,CUST1396,Wool Sweater,Apparel,6.0,2829.39,0.0,16976.34,2025-05-05,Mumbai,Debit Card,customer4816@example.com
10533,CUST1889,Body Lotion,Beauty,5.0,5694.51,0.0,28472.55,2025-02-24,Delhi,Cash on Delivery,customer4225@example.com
11357,CUST1745,Non-stick Pan,Home & Kitchen,5.0,2514.54,10.0,11315.43,2025-04-06,Delhi,Debit Card,customer9464@example.com
11100,CUST1841,Yoga Mat,Sports,2.0,5869.4,0.0,11738.8,2025-05-14,Chennai,Cash on Delivery,customer4700@example.com
10713,CUST1826,Sunscreen SPF50,Beauty,4.0,1701.59,15.0,5785.41,2025-09-30,Bengaluru,Debit Card,customer4179@example.com
10078,CUST1167,Denim Jacket,Apparel,4.0,520.74,0.0,2082.96,2025-01-13,Hyderabad,Cash on Delivery,customer3832@example.com
10264,CUST1925,Hair Serum,Beauty,4.0,765.77,10.0,689.19,2025-11-21,Bengaluru,UPI,customer7218@example.com
10150,CUST1116,Hair Serum,Beauty,1.0,5222.13,5.0,4961.02,2025-09-07,Mumbai,Cash on Delivery,customer2394@example.com
11539,CUST1664,Yoga Mat,Sports,3.0,3113.0,0.0,9339.0,2025-10-03,Mumbai,Net Banking,customer1159@example.com
10470,CUST1512,Wool Sweater,Apparel,6.0,3776.82,0.0,22660.92,2025-09-17,Bengaluru,UPI,customer1919@example.com
10565,CUST1667,Coffee Maker,Home & Kitchen,2.0,4547.86,0.0,9095.72,2025-04-18,Mumbai,Net Banking,customer6092@example.com
11799,CUST1575,Coffee Maker,Home & Kitchen,7.0,2578.91,20.0,14441.9,2025-06-05,Mumbai,Cash on Delivery,customer9020@example.com
10462,CUST1609,Storage Box,Home & Kitchen,3.0,3880.98,0.0,11642.94,2025-10-21,Delhi,Net Banking,customer5837@example.com
11278,CUST1525,Coffee Maker,Home & Kitchen,6.0,5695.43,5.0,32463.95,2026-01-09,Bengaluru,Debit Card,customer7212@example.com
10897,CUST1464,Denim Jacket,Apparel,2.0,4155.92,15.0,7065.06,2025-02-11,Hyderabad,Credit Card,customer9594@example.com
11796,CUST1804,Lip Balm,Beauty,6.0,4220.84,0.0,25325.04,2025-06-17,Hyderabad,Debit Card,unknown@unknown.com
11346,CUST1715,Yoga Mat,Sports,6.0,1650.64,0.0,9903.84,2025-03-18,Mumbai,Cash on Delivery,customer1932@example.com
10696,CUST1347,LED Lamp,Home & Kitchen,6.0,4700.77,15.0,23973.93,2025-07-08,Delhi,Net Banking,customer2918@example.com
11176,CUST1345,Hair Serum,Beauty,2.0,3314.51,10.0,5966.12,2025-06-08,Chennai,Cash on Delivery,customer3765@example.com
11753,CUST1925,Skipping Rope,Sports,2.0,4462.91,0.0,8925.82,2025-04-05,Hyderabad,Credit Card,customer6019@example.com
10929,CUST1279,Yoga Mat,Sports,7.0,677.64,10.0,4269.13,2026-01-25,Chennai,UPI,customer6896@example.com
11327,CUST1015,Cushion Cover,Home & Kitchen,6.0,5506.21,20.0,26429.81,2025-12-04,Mumbai,Net Banking,customer6322@example.com
11215,CUST1659,Running Shoes,Apparel,2.0,4103.97,0.0,8207.94,2025-04-17,Mumbai,Debit Card,customer9056@example.com
10587,CUST1236,Cap,Apparel,3.0,633.05,0.0,1899.15,2025-05-07,Delhi,Net Banking,customer5052@example.com
11373,CUST1939,Body Lotion,Beauty,4.0,241.32,20.0,772.22,2026-02-03,Mumbai,Cash on Delivery,customer7209@example.com
10244,CUST1513,USB-C Cable,Electronics,4.0,431.64,5.0,1640.23,2025-09-21,Bengaluru,Cash on Delivery,customer3479@example.com
11112,CUST1889,Football,Sports,7.0,5414.17,0.0,37899.19,2025-06-14,Mumbai,Net Banking,customer2877@example.com
10752,CUST1792,Bluetooth Speaker,Electronics,4.0,470.08,15.0,1598.27,2026-01-13,Hyderabad,Net Banking,customer1801@example.com
11680,CUST1726,Bluetooth Speaker,Electronics,4.0,2270.41,0.0,9081.64,2025-11-05,Bengaluru,Cash on Delivery,customer9365@example.com
11443,CUST1270,Cap,Apparel,1.0,4288.65,0.0,4288.65,2025-05-26,Chennai,Cash on Delivery,customer7548@example.com
11313,CUST1777,Storage Box,Home & Kitchen,7.0,3430.16,0.0,24011.12,2025-01-24,Chennai,Net Banking,customer2769@example.com
10649,CUST1132,Body Lotion,Beauty,5.0,3823.98,0.0,19119.9,2025-10-09,Mumbai,Net Banking,unknown@unknown.com
11191,CUST1813,Dumbbell Set,Sports,6.0,4078.03,20.0,19574.54,2025-11-12,Bengaluru,Cash on Delivery,customer8237@example.com
10596,CUST1158,Face Wash,Beauty,3.0,2027.83,15.0,5170.97,2025-05-30,Chennai,Cash on Delivery,customer4382@example.com
10314,CUST1265,Cotton T-Shirt,Apparel,4.0,5282.53,0.0,20073.61,2025-12-09,Mumbai,Credit Card,customer2913@example.com
10934,CUST1750,Laptop Stand,Electronics,4.0,2783.06,0.0,19481.42,2025-07-31,Hyderabad,Credit Card,unknown@unknown.com
10156,CUST1641,Hair Serum,Beauty,4.0,3308.45,0.0,13233.8,2025-11-30,Chennai,Net Banking,customer1281@example.com
11381,CUST1077,Running Shoes,Apparel,5.0,1072.48,20.0,4289.92,2025-05-19,Hyderabad,Cash on Delivery,customer5021@example.com
11406,CUST1786,Denim Jacket,Apparel,7.0,2439.32,0.0,13660.19,2025-04-15,Delhi,Debit Card,customer1526@example.com
11304,CUST1423,Lip Balm,Beauty,7.0,2933.97,0.0,7670.46,2025-07-24,Chennai,Net Banking,customer2967@example.com
11151,CUST1161,Lip Balm,Beauty,6.0,5996.28,0.0,35977.68,2025-06-06,Hyderabad,UPI,customer5899@example.com
11000,CUST1080,Denim Jacket,Apparel,6.0,388.59,20.0,1865.23,2025-05-23,Delhi,UPI,customer9998@example.com
11732,CUST1814,LED Lamp,Home & Kitchen,5.0,3365.65,5.0,15986.84,2025-03-14,Delhi,Net Banking,customer4191@example.com
11641,CUST1524,Wool Sweater,Apparel,7.0,5687.84,0.0,39814.88,2025-11-30,Chennai,UPI,customer1925@example.com
11690,CUST1957,Cotton T-Shirt,Apparel,7.0,1265.69,0.0,8859.83,2025-06-01,Bengaluru,UPI,customer3959@example.com
11307,CUST1866,Cotton T-Shirt,Apparel,3.0,5894.93,5.0,16800.55,2025-01-15,Bengaluru,Debit Card,customer7606@example.com
11496,CUST1091,Yoga Mat,Sports,2.0,5414.37,10.0,9745.87,2025-05-25,Delhi,Credit Card,customer7426@example.com
11763,CUST1912,Skipping Rope,Sports,6.0,535.75,0.0,3214.5,2025-10-21,Chennai,Cash on Delivery,customer6180@example.com
11392,CUST1507,Hair Serum,Beauty,6.0,1729.53,15.0,8820.6,2025-12-11,Delhi,Credit Card,customer5116@example.com
10026,CUST1372,Non-stick Pan,Home & Kitchen,6.0,3313.09,10.0,32227.85,2025-02-15,Bengaluru,Credit Card,customer2060@example.com
10197,CUST1100,Laptop Stand,Electronics,4.0,1028.49,0.0,4113.96,2025-03-28,Hyderabad,UPI,customer4456@example.com
10016,CUST1565,Yoga Mat,Sports,2.0,1710.67,0.0,3421.34,2025-08-08,Bengaluru,Credit Card,unknown@unknown.com
11491,CUST1924,Coffee Maker,Home & Kitchen,4.0,1110.67,0.0,4442.68,2025-04-20,Bengaluru,Net Banking,customer7261@example.com
11322,CUST1668,Non-stick Pan,Home & Kitchen,1.0,2497.82,10.0,2248.04,2025-03-25,Chennai,Cash on Delivery,customer7006@example.com
10884,CUST1272,Wool Sweater,Apparel,2.0,4363.57,0.0,8727.14,2025-08-09,Bengaluru,Net Banking,customer1815@example.com
10622,CUST1215,Football,Sports,1.0,2061.42,0.0,2061.42,2025-01-04,Hyderabad,UPI,customer2840@example.com
11361,CUST1051,Lip Balm,Beauty,5.0,3979.6,20.0,15918.4,2025-07-04,Mumbai,Net Banking,customer2376@example.com
11051,CUST1568,Body Lotion,Beauty,2.0,5876.74,10.0,10578.13,2025-11-09,Chennai,Net Banking,customer1492@example.com
11068,CUST1619,Cricket Bat,Sports,4.0,2631.84,0.0,10527.36,2025-06-24,Mumbai,Net Banking,unknown@unknown.com
10498,CUST1747,Non-stick Pan,Home & Kitchen,1.0,2065.41,0.0,2065.41,2025-12-02,Bengaluru,Debit Card,customer9536@example.com
10793,CUST1188,Bluetooth Speaker,Electronics,4.0,811.36,15.0,1379.31,2025-09-14,Delhi,Credit Card,customer8986@example.com
10965,CUST1873,Dumbbell Set,Sports,2.0,1843.56,10.0,3318.41,2025-08-15,Chennai,Credit Card,customer1043@example.com
10516,CUST1501,Bluetooth Speaker,Electronics,5.0,3236.25,0.0,16181.25,2025-03-23,Chennai,Cash on Delivery,customer5645@example.com
11586,CUST1869,Dumbbell Set,Sports,4.0,4087.1,10.0,14713.56,2025-07-20,Delhi,Cash on Delivery,customer9535@example.com
11479,CUST1294,Football,Sports,1.0,3373.29,0.0,3373.29,2025-08-20,Delhi,Net Banking,customer1387@example.com
11412,CUST1817,Yoga Mat,Sports,6.0,362.09,0.0,2172.54,2025-03-24,Bengaluru,Credit Card,unknown@unknown.com
11096,CUST1000,Yoga Mat,Sports,4.0,1520.68,0.0,6082.72,2025-04-21,Mumbai,Net Banking,customer6280@example.com
10543,CUST1786,Face Wash,Beauty,3.0,5001.9,0.0,15005.7,2025-10-25,Mumbai,Net Banking,customer5272@example.com
10457,CUST1343,Wireless Mouse,Electronics,4.0,957.39,20.0,2297.74,2025-02-23,Chennai,Debit Card,customer3575@example.com
10634,CUST1755,Lip Balm,Beauty,1.0,2634.98,10.0,2371.48,2025-02-01,Bengaluru,Credit Card,customer6218@example.com
10432,CUST1247,Skipping Rope,Sports,6.0,3346.78,0.0,20080.68,2025-08-25,Chennai,Debit Card,customer1717@example.com
10628,CUST1579,Non-stick Pan,Home & Kitchen,7.0,3623.06,0.0,25361.42,2025-04-25,Mumbai,Cash on Delivery,customer3441@example.com
11678,CUST1882,Cricket Bat,Sports,7.0,3221.76,10.0,20297.09,2025-10-03,Delhi,Debit Card,customer7185@example.com
10729,CUST1362,Laptop Stand,Electronics,2.0,3192.79,0.0,6385.58,2025-11-26,Delhi,Net Banking,customer3934@example.com
10210,CUST1019,LED Lamp,Home & Kitchen,7.0,3313.09,10.0,5541.35,2025-05-12,Hyderabad,UPI,customer8321@example.com
10317,CUST1903,Sunscreen SPF50,Beauty,4.0,3060.61,10.0,11018.2,2025-08-09,Chennai,Net Banking,customer5570@example.com
10514,CUST1049,Skipping Rope,Sports,4.0,1929.81,20.0,6175.39,2025-04-12,Bengaluru,UPI,customer7414@example.com
11338,CUST1586,Running Shoes,Apparel,3.0,4765.36,5.0,13581.28,2026-09-01,Mumbai,UPI,customer7609@example.com
11559,CUST1037,Bluetooth Speaker,Electronics,6.0,841.69,15.0,4292.62,2025-03-21,Mumbai,Net Banking,customer1977@example.com
10830,CUST1386,Coffee Maker,Home & Kitchen,2.0,3998.06,15.0,6796.7,2026-01-16,Bengaluru,Credit Card,customer1897@example.com
10320,CUST1356,Yoga Mat,Sports,4.0,3604.02,0.0,12253.67,2025-11-22,Bengaluru,Cash on Delivery,customer5307@example.com
11032,CUST1857,Cricket Bat,Sports,7.0,2184.27,20.0,12231.91,2025-09-14,Delhi,Credit Card,customer9890@example.com
11418,CUST1782,Running Shoes,Apparel,6.0,2831.79,0.0,16990.74,2025-02-18,Delhi,UPI,customer6167@example.com
10142,CUST1045,USB-C Cable,Electronics,4.0,763.84,5.0,725.65,2026-01-12,Delhi,Debit Card,customer7047@example.com
11111,CUST1305,Non-stick Pan,Home & Kitchen,4.0,1660.23,20.0,5312.74,2025-11-05,Hyderabad,Cash on Delivery,customer8635@example.com
11503,CUST1395,Cricket Bat,Sports,4.0,5942.47,5.0,22581.39,2025-09-10,Delhi,Cash on Delivery,customer5116@example.com
11528,CUST1009,Wool Sweater,Apparel,5.0,4913.62,20.0,19654.48,2025-08-09,Delhi,Cash on Delivery,customer5868@example.com
10754,CUST1378,Football,Sports,2.0,5439.06,0.0,10878.12,2025-06-15,Mumbai,Net Banking,customer1788@example.com
11002,CUST1352,LED Lamp,Home & Kitchen,7.0,4737.49,20.0,26529.94,2025-09-12,Mumbai,Cash on Delivery,unknown@unknown.com
11240,CUST1593,Cricket Bat,Sports,7.0,3134.76,0.0,21943.32,2025-08-02,Delhi,UPI,customer6768@example.com
10581,CUST1760,Hair Serum,Beauty,5.0,4713.28,5.0,22388.08,2025-01-07,Chennai,UPI,customer9737@example.com
10563,CUST1250,Sunscreen SPF50,Beauty,6.0,4158.27,0.0,24949.62,2025-10-06,Delhi,Net Banking,customer5887@example.com
10399,CUST1685,Yoga Mat,Sports,3.0,1536.95,10.0,4149.77,2025-10-06,Mumbai,Cash on Delivery,customer2134@example.com
10669,CUST1445,Football,Sports,5.0,4811.64,0.0,24058.2,2025-05-31,Delhi,Debit Card,customer2096@example.com
11515,CUST1300,Webcam,Electronics,1.0,1613.7,15.0,1371.64,2025-06-19,Mumbai,Debit Card,customer3474@example.com
10253,CUST1619,LED Lamp,Home & Kitchen,5.0,5587.15,0.0,27935.75,2025-06-17,Hyderabad,Cash on Delivery,customer7132@example.com
10908,CUST1823,Wireless Mouse,Electronics,2.0,1936.67,5.0,3679.67,2025-09-20,Bengaluru,Net Banking,customer9592@example.com
10469,CUST1986,Denim Jacket,Apparel,5.0,3670.57,0.0,18352.85,2025-08-18,Bengaluru,Net Banking,customer2211@example.com
10915,CUST1092,Laptop Stand,Electronics,7.0,781.58,0.0,4923.95,2025-07-21,Mumbai,Debit Card,customer2746@example.com
10358,CUST1943,Dumbbell Set,Sports,6.0,2559.95,0.0,15359.7,2025-04-03,Mumbai,Credit Card,customer5927@example.com
11279,CUST1663,Coffee Maker,Home & Kitchen,5.0,2110.39,5.0,10024.35,2025-04-01,Chennai,Cash on Delivery,customer3197@example.com
11301,CUST1319,Face Wash,Beauty,1.0,5244.24,5.0,4982.03,2025-06-25,Hyderabad,Cash on Delivery,customer5848@example.com
11306,CUST1665,Denim Jacket,Apparel,2.0,5994.68,20.0,9591.49,2025-12-16,Mumbai,Debit Card,customer2688@example.com
11415,CUST1886,Dumbbell Set,Sports,5.0,474.62,0.0,2373.1,2025-10-19,Chennai,Net Banking,customer1378@example.com
10509,CUST1382,Cap,Apparel,4.0,464.57,0.0,2787.42,2025-01-26,Bengaluru,Net Banking,customer5994@example.com
10750,CUST1909,Laptop Stand,Electronics,1.0,723.56,0.0,723.56,2026-02-01,Hyderabad,UPI,customer7460@example.com
11608,CUST1223,Cricket Bat,Sports,4.0,5943.85,0.0,23775.4,2025-06-28,Mumbai,Cash on Delivery,customer4205@example.com
10130,CUST1666,Cap,Apparel,2.0,1663.33,10.0,2993.99,2025-02-15,Hyderabad,Debit Card,customer5543@example.com
10145,CUST1083,Wireless Mouse,Electronics,2.0,2914.22,5.0,10679.77,2025-11-14,Mumbai,UPI,customer1207@example.com
10961,CUST1484,Running Shoes,Apparel,1.0,3624.55,5.0,3443.32,2025-05-27,Mumbai,UPI,customer6002@example.com
10848,CUST1485,LED Lamp,Home & Kitchen,2.0,3070.57,0.0,6141.14,2025-11-12,Hyderabad,Debit Card,customer6851@example.com
11670,CUST1670,Wireless Mouse,Electronics,5.0,2671.97,15.0,11355.87,2025-12-31,Bengaluru,Cash on Delivery,customer5113@example.com
10716,CUST1395,Coffee Maker,Home & Kitchen,7.0,2394.11,0.0,16758.77,2026-04-01,Chennai,Credit Card,customer1292@example.com
10906,CUST1837,Webcam,Electronics,2.0,3192.94,20.0,5108.7,2025-12-11,Hyderabad,Debit Card,customer3800@example.com
11792,CUST1272,Webcam,Electronics,6.0,1322.11,15.0,6742.76,2025-01-15,Bengaluru,Debit Card,unknown@unknown.com
11097,CUST1472,Bluetooth Speaker,Electronics,7.0,1925.53,0.0,13478.71,2025-01-30,Chennai,Cash on Delivery,customer1589@example.com
10236,CUST1691,Sunscreen SPF50,Beauty,2.0,810.72,15.0,1378.22,2025-06-12,Hyderabad,Debit Card,customer6433@example.com
11062,CUST1120,Cotton T-Shirt,Apparel,4.0,2736.61,0.0,19156.27,2025-06-25,Chennai,UPI,customer4759@example.com
